"year","depletion","spawning_potential","spawning_potential_nofish","recruitment","fishing_mortality","relative_fishing_mortality","scenario","model_token","model_key","region","source_file","change_token"
1952,0.996802580255568,2661.740125,2670.278125,157.539982,0.00666353881873551,0.0487675,"01-Diag2023","01-Diag2023","01-Diag2023","All","data/stepwise/models/01-Diag2023/model_payload.rds",""
1953,0.986558710806673,2693.903875,2730.60675,240.68780129,0.00672613535073556,0.04641,"01-Diag2023","01-Diag2023","01-Diag2023","All","data/stepwise/models/01-Diag2023/model_payload.rds",""
1954,0.979752733638394,2717.35905,2773.51515,195.0314255,0.00498911000069747,0.03115,"01-Diag2023","01-Diag2023","01-Diag2023","All","data/stepwise/models/01-Diag2023/model_payload.rds",""
1955,0.974175454544721,2715.5416,2787.52825,127.45244014,0.00607654960963305,0.04689,"01-Diag2023","01-Diag2023","01-Diag2023","All","data/stepwise/models/01-Diag2023/model_payload.rds",""
1956,0.968311414186061,2813.642375,2905.72055,123.89086012,0.00829056183848895,0.0507125,"01-Diag2023","01-Diag2023","01-Diag2023","All","data/stepwise/models/01-Diag2023/model_payload.rds",""
1957,0.963398567145973,3004.19015,3118.325325,95.3331432,0.0107659930762164,0.06618,"01-Diag2023","01-Diag2023","01-Diag2023","All","data/stepwise/models/01-Diag2023/model_payload.rds",""
1958,0.95276730287844,3011.573275,3160.869675,198.59897543,0.0115143101943191,0.0951425,"01-Diag2023","01-Diag2023","01-Diag2023","All","data/stepwise/models/01-Diag2023/model_payload.rds",""
1959,0.938957271058333,2833.084225,3017.2664,57.1272703,0.0100970879791575,0.087365,"01-Diag2023","01-Diag2023","01-Diag2023","All","data/stepwise/models/01-Diag2023/model_payload.rds",""
1960,0.928607059638063,2645.311625,2848.687825,107.41797273,0.0112318730799432,0.090685,"01-Diag2023","01-Diag2023","01-Diag2023","All","data/stepwise/models/01-Diag2023/model_payload.rds",""
1961,0.923132883116724,2566.219525,2779.902625,82.94599577,0.0109495152555566,0.09152,"01-Diag2023","01-Diag2023","01-Diag2023","All","data/stepwise/models/01-Diag2023/model_payload.rds",""
1962,0.91621513016965,2382.44025,2600.3066,98.65633362,0.00942871937416139,0.089825,"01-Diag2023","01-Diag2023","01-Diag2023","All","data/stepwise/models/01-Diag2023/model_payload.rds",""
1963,0.90985326324738,2226.501875,2447.09995,93.11422637,0.0125102692555685,0.1170975,"01-Diag2023","01-Diag2023","01-Diag2023","All","data/stepwise/models/01-Diag2023/model_payload.rds",""
1964,0.901907532651053,2060.25015,2284.32525,101.36657714,0.00882245233183074,0.0893,"01-Diag2023","01-Diag2023","01-Diag2023","All","data/stepwise/models/01-Diag2023/model_payload.rds",""
1965,0.901686996172107,1945.824375,2157.982075,81.32984923,0.00998265921777783,0.08783,"01-Diag2023","01-Diag2023","01-Diag2023","All","data/stepwise/models/01-Diag2023/model_payload.rds",""
1966,0.901146751997169,1855.036925,2058.529225,113.83756387,0.00966614027968802,0.09796,"01-Diag2023","01-Diag2023","01-Diag2023","All","data/stepwise/models/01-Diag2023/model_payload.rds",""
1967,0.897652368676011,1762.0609,1962.9658,76.25249469,0.0126426540147648,0.107725,"01-Diag2023","01-Diag2023","01-Diag2023","All","data/stepwise/models/01-Diag2023/model_payload.rds",""
1968,0.895584373776922,1675.33785,1870.66445,71.58987056,0.0105086010304281,0.0876775,"01-Diag2023","01-Diag2023","01-Diag2023","All","data/stepwise/models/01-Diag2023/model_payload.rds",""
1969,0.896741748042177,1666.822625,1858.75435,107.58392983,0.0130164347865562,0.1118675,"01-Diag2023","01-Diag2023","01-Diag2023","All","data/stepwise/models/01-Diag2023/model_payload.rds",""
1970,0.894096234468753,1605.0865,1795.205525,81.75127069,0.0260627495556642,0.1062525,"01-Diag2023","01-Diag2023","01-Diag2023","All","data/stepwise/models/01-Diag2023/model_payload.rds",""
1971,0.891527122678639,1543.170775,1730.9297,81.63297606,0.0282516248175505,0.1086675,"01-Diag2023","01-Diag2023","01-Diag2023","All","data/stepwise/models/01-Diag2023/model_payload.rds",""
1972,0.885957102121243,1527.263175,1723.8568,76.3976708,0.0373486633734303,0.152275,"01-Diag2023","01-Diag2023","01-Diag2023","All","data/stepwise/models/01-Diag2023/model_payload.rds",""
1973,0.871655947864014,1430.78275,1641.45355,116.47244059,0.0302817574399748,0.128595,"01-Diag2023","01-Diag2023","01-Diag2023","All","data/stepwise/models/01-Diag2023/model_payload.rds",""
1974,0.862670937972469,1361.6474,1578.4088,44.23746196,0.0390382363537615,0.13745,"01-Diag2023","01-Diag2023","01-Diag2023","All","data/stepwise/models/01-Diag2023/model_payload.rds",""
1975,0.854423312161723,1351.842825,1582.169875,164.88365426,0.0317928575481601,0.170175,"01-Diag2023","01-Diag2023","01-Diag2023","All","data/stepwise/models/01-Diag2023/model_payload.rds",""
1976,0.841903021755006,1346.998025,1599.9444,72.7199023,0.0403727161023413,0.1799,"01-Diag2023","01-Diag2023","01-Diag2023","All","data/stepwise/models/01-Diag2023/model_payload.rds",""
1977,0.832580117468852,1383.7217,1661.968225,137.16655763,0.0492129990570271,0.197875,"01-Diag2023","01-Diag2023","01-Diag2023","All","data/stepwise/models/01-Diag2023/model_payload.rds",""
1978,0.826085678036951,1431.350125,1732.689675,17.280374578,0.0406708670444083,0.16695,"01-Diag2023","01-Diag2023","01-Diag2023","All","data/stepwise/models/01-Diag2023/model_payload.rds",""
1979,0.814139799195271,1409.82745,1731.67735,60.17000448,0.0644331202672764,0.209075,"01-Diag2023","01-Diag2023","01-Diag2023","All","data/stepwise/models/01-Diag2023/model_payload.rds",""
1980,0.801269973695046,1392.62975,1738.028125,100.55260642,0.052503764797342,0.211625,"01-Diag2023","01-Diag2023","01-Diag2023","All","data/stepwise/models/01-Diag2023/model_payload.rds",""
1981,0.786600743397011,1292.5847,1643.25385,96.75550194,0.0714188621786893,0.203375,"01-Diag2023","01-Diag2023","01-Diag2023","All","data/stepwise/models/01-Diag2023/model_payload.rds",""
1982,0.775927783498539,1231.685475,1587.371275,115.02303302,0.0798082474548143,0.244425,"01-Diag2023","01-Diag2023","01-Diag2023","All","data/stepwise/models/01-Diag2023/model_payload.rds",""
1983,0.764867590393722,1210.2776,1582.3361,94.5985546,0.101418409184737,0.251425,"01-Diag2023","01-Diag2023","01-Diag2023","All","data/stepwise/models/01-Diag2023/model_payload.rds",""
1984,0.751844212208424,1233.859525,1641.110625,80.9698386,0.11276955602169,0.272925,"01-Diag2023","01-Diag2023","01-Diag2023","All","data/stepwise/models/01-Diag2023/model_payload.rds",""
1985,0.730602256456816,1239.900925,1697.0943,130.7467017,0.0984632734110758,0.2879,"01-Diag2023","01-Diag2023","01-Diag2023","All","data/stepwise/models/01-Diag2023/model_payload.rds",""
1986,0.706718546172456,1206.3143,1706.923225,48.30079671,0.12530727435793,0.269125,"01-Diag2023","01-Diag2023","01-Diag2023","All","data/stepwise/models/01-Diag2023/model_payload.rds",""
1987,0.688132968273812,1194.454325,1735.79,118.1823833,0.145842143278418,0.35105,"01-Diag2023","01-Diag2023","01-Diag2023","All","data/stepwise/models/01-Diag2023/model_payload.rds",""
1988,0.666214521527148,1171.1494,1757.91635,160.6096706,0.119145069211306,0.322625,"01-Diag2023","01-Diag2023","01-Diag2023","All","data/stepwise/models/01-Diag2023/model_payload.rds",""
1989,0.645407238774471,1128.838075,1749.03225,78.65036599,0.133201176488048,0.320425,"01-Diag2023","01-Diag2023","01-Diag2023","All","data/stepwise/models/01-Diag2023/model_payload.rds",""
1990,0.635884349814256,1180.639875,1856.689625,121.4045088,0.168865254595337,0.38775,"01-Diag2023","01-Diag2023","01-Diag2023","All","data/stepwise/models/01-Diag2023/model_payload.rds",""
1991,0.627027559901957,1218.508175,1943.3088,88.87416638,0.203967214445,0.3567,"01-Diag2023","01-Diag2023","01-Diag2023","All","data/stepwise/models/01-Diag2023/model_payload.rds",""
1992,0.606360570593493,1199.0391,1977.4358,126.7918894,0.223658121354127,0.4509,"01-Diag2023","01-Diag2023","01-Diag2023","All","data/stepwise/models/01-Diag2023/model_payload.rds",""
1993,0.576903543383497,1141.0631,1977.909675,74.35245781,0.170055597610955,0.406525,"01-Diag2023","01-Diag2023","01-Diag2023","All","data/stepwise/models/01-Diag2023/model_payload.rds",""
1994,0.546730484470765,1083.2781,1981.374975,109.4850269,0.198321668723244,0.487325,"01-Diag2023","01-Diag2023","01-Diag2023","All","data/stepwise/models/01-Diag2023/model_payload.rds",""
1995,0.520388471266477,1033.062925,1985.176425,113.05947835,0.178706639255832,0.439025,"01-Diag2023","01-Diag2023","01-Diag2023","All","data/stepwise/models/01-Diag2023/model_payload.rds",""
1996,0.507004776044206,999.27105,1970.93025,140.57212568,0.2062381442721,0.408475,"01-Diag2023","01-Diag2023","01-Diag2023","All","data/stepwise/models/01-Diag2023/model_payload.rds",""
1997,0.515916365224592,1049.402675,2034.0558,75.04038747,0.221061943187873,0.507575,"01-Diag2023","01-Diag2023","01-Diag2023","All","data/stepwise/models/01-Diag2023/model_payload.rds",""
1998,0.502614574074664,1050.77015,2090.6082,140.55513856,0.252518258292608,0.6025,"01-Diag2023","01-Diag2023","01-Diag2023","All","data/stepwise/models/01-Diag2023/model_payload.rds",""
1999,0.484258210010402,1023.236375,2112.997475,90.97149762,0.318258920840081,0.649375,"01-Diag2023","01-Diag2023","01-Diag2023","All","data/stepwise/models/01-Diag2023/model_payload.rds",""
2000,0.456258361449404,965.9961,2117.212925,175.7167302,0.245152272354906,0.62265,"01-Diag2023","01-Diag2023","01-Diag2023","All","data/stepwise/models/01-Diag2023/model_payload.rds",""
2001,0.431685826761467,914.2637,2117.8914,105.72358535,0.235635454011392,0.545775,"01-Diag2023","01-Diag2023","01-Diag2023","All","data/stepwise/models/01-Diag2023/model_payload.rds",""
2002,0.41871130577688,906.296675,2164.490575,137.8904269,0.223327994939185,0.6452,"01-Diag2023","01-Diag2023","01-Diag2023","All","data/stepwise/models/01-Diag2023/model_payload.rds",""
2003,0.414457099839089,935.7707,2257.822825,90.50562816,0.360205630491441,0.5809,"01-Diag2023","01-Diag2023","01-Diag2023","All","data/stepwise/models/01-Diag2023/model_payload.rds",""
2004,0.410024142941367,948.052575,2312.1872,167.9476039,0.29555012576423,0.78655,"01-Diag2023","01-Diag2023","01-Diag2023","All","data/stepwise/models/01-Diag2023/model_payload.rds",""
2005,0.398371512384843,925.49855,2323.20465,87.9523709,0.281068033796416,0.61915,"01-Diag2023","01-Diag2023","01-Diag2023","All","data/stepwise/models/01-Diag2023/model_payload.rds",""
2006,0.388351300728917,920.1373,2369.34265,113.203905,0.296806012607743,0.664775,"01-Diag2023","01-Diag2023","01-Diag2023","All","data/stepwise/models/01-Diag2023/model_payload.rds",""
2007,0.382280404107587,924.21955,2417.64825,119.5329601,0.306065451964863,0.6696,"01-Diag2023","01-Diag2023","01-Diag2023","All","data/stepwise/models/01-Diag2023/model_payload.rds",""
2008,0.372129031230651,892.6475,2398.758025,99.84355618,0.375219220877377,0.708525,"01-Diag2023","01-Diag2023","01-Diag2023","All","data/stepwise/models/01-Diag2023/model_payload.rds",""
2009,0.358332318775993,847.14285,2364.126275,127.1079012,0.26423103214295,0.724775,"01-Diag2023","01-Diag2023","01-Diag2023","All","data/stepwise/models/01-Diag2023/model_payload.rds",""
2010,0.343044020926624,796.888825,2322.9929,89.990987,0.245914921409229,0.607775,"01-Diag2023","01-Diag2023","01-Diag2023","All","data/stepwise/models/01-Diag2023/model_payload.rds",""
2011,0.340945765378354,790.87695,2319.656175,104.2228965,0.329471306060659,0.753,"01-Diag2023","01-Diag2023","01-Diag2023","All","data/stepwise/models/01-Diag2023/model_payload.rds",""
2012,0.337972755451955,776.5011,2297.525725,149.3364883,0.267336646293798,0.777225,"01-Diag2023","01-Diag2023","01-Diag2023","All","data/stepwise/models/01-Diag2023/model_payload.rds",""
2013,0.328523262252016,734.34735,2235.297875,133.5745516,0.276553913910057,0.710875,"01-Diag2023","01-Diag2023","01-Diag2023","All","data/stepwise/models/01-Diag2023/model_payload.rds",""
2014,0.332813507539524,752.11715,2259.875675,79.27916296,0.359122252255734,0.77345,"01-Diag2023","01-Diag2023","01-Diag2023","All","data/stepwise/models/01-Diag2023/model_payload.rds",""
2015,0.338112719206452,791.248875,2340.192575,121.6656287,0.313934795057999,0.68405,"01-Diag2023","01-Diag2023","01-Diag2023","All","data/stepwise/models/01-Diag2023/model_payload.rds",""
2016,0.337439615561072,800.247775,2371.528825,122.3469575,0.396835375579902,0.6983,"01-Diag2023","01-Diag2023","01-Diag2023","All","data/stepwise/models/01-Diag2023/model_payload.rds",""
2017,0.336534328576933,786.6506,2337.504775,108.247009,0.230716498403819,0.57405,"01-Diag2023","01-Diag2023","01-Diag2023","All","data/stepwise/models/01-Diag2023/model_payload.rds",""
2018,0.33811909920667,789.2587,2334.2624,96.2151949,0.325056058698667,0.6821,"01-Diag2023","01-Diag2023","01-Diag2023","All","data/stepwise/models/01-Diag2023/model_payload.rds",""
2019,0.338053054070665,789.479375,2335.371225,76.5424116,0.318089753047352,0.62495,"01-Diag2023","01-Diag2023","01-Diag2023","All","data/stepwise/models/01-Diag2023/model_payload.rds",""
2020,0.338165204648895,780.164475,2307.0513,156.5739074,0.456652019420589,0.701525,"01-Diag2023","01-Diag2023","01-Diag2023","All","data/stepwise/models/01-Diag2023/model_payload.rds",""
2021,0.338639281181232,758.5303,2239.93595,109.289096,0.331028937488776,0.630875,"01-Diag2023","01-Diag2023","01-Diag2023","All","data/stepwise/models/01-Diag2023/model_payload.rds",""
1952,0.996818757549738,2666.6238,2675.13405,162.072484,0.00655199705989205,0.04746,"02-NewExeIni1007","02-NewExeIni1007","02-NewExeIni1007","All","data/stepwise/models/02-NewExeIni1007/model_payload.rds",""
1953,0.98660939331112,2699.026225,2735.65835,193.72928529,0.0064486193820301,0.044945,"02-NewExeIni1007","02-NewExeIni1007","02-NewExeIni1007","All","data/stepwise/models/02-NewExeIni1007/model_payload.rds",""
1954,0.979903007795548,2723.712825,2779.5739,220.67155248,0.00556902297442765,0.0296575,"02-NewExeIni1007","02-NewExeIni1007","02-NewExeIni1007","All","data/stepwise/models/02-NewExeIni1007/model_payload.rds",""
1955,0.974921182137103,2755.089775,2825.96155,166.91150438,0.00609150276401659,0.0450775,"02-NewExeIni1007","02-NewExeIni1007","02-NewExeIni1007","All","data/stepwise/models/02-NewExeIni1007/model_payload.rds",""
1956,0.968767842674546,2836.743575,2928.1975,126.42030579,0.00828606886871548,0.0493075,"02-NewExeIni1007","02-NewExeIni1007","02-NewExeIni1007","All","data/stepwise/models/02-NewExeIni1007/model_payload.rds",""
1957,0.963685018146297,3021.709325,3135.577775,112.95407515,0.0103117838293539,0.0644275,"02-NewExeIni1007","02-NewExeIni1007","02-NewExeIni1007","All","data/stepwise/models/02-NewExeIni1007/model_payload.rds",""
1958,0.952970309521595,3021.271625,3170.3733,231.98623137,0.0112072885742567,0.0925525,"02-NewExeIni1007","02-NewExeIni1007","02-NewExeIni1007","All","data/stepwise/models/02-NewExeIni1007/model_payload.rds",""
1959,0.93926530819325,2843.64305,3027.51845,22.42326615,0.0102002883938496,0.0846,"02-NewExeIni1007","02-NewExeIni1007","02-NewExeIni1007","All","data/stepwise/models/02-NewExeIni1007/model_payload.rds",""
1960,0.929106099076559,2658.53655,2861.391775,115.81592482,0.0108746942825129,0.08751,"02-NewExeIni1007","02-NewExeIni1007","02-NewExeIni1007","All","data/stepwise/models/02-NewExeIni1007/model_payload.rds",""
1961,0.923930437186327,2588.350975,2801.45655,83.81257941,0.0106832736098073,0.0881775,"02-NewExeIni1007","02-NewExeIni1007","02-NewExeIni1007","All","data/stepwise/models/02-NewExeIni1007/model_payload.rds",""
1962,0.917117738902185,2404.6087,2621.9193,116.43093627,0.00891172648178902,0.0866925,"02-NewExeIni1007","02-NewExeIni1007","02-NewExeIni1007","All","data/stepwise/models/02-NewExeIni1007/model_payload.rds",""
1963,0.910916607750511,2250.64065,2470.7428,88.86909309,0.0122430781968099,0.112915,"02-NewExeIni1007","02-NewExeIni1007","02-NewExeIni1007","All","data/stepwise/models/02-NewExeIni1007/model_payload.rds",""
1964,0.903144913533405,2085.1332,2308.7471,98.78706732,0.00870122732490371,0.0859925,"02-NewExeIni1007","02-NewExeIni1007","02-NewExeIni1007","All","data/stepwise/models/02-NewExeIni1007/model_payload.rds",""
1965,0.903024640383408,1971.6342,2183.367,86.48289181,0.00966179098851564,0.08471,"02-NewExeIni1007","02-NewExeIni1007","02-NewExeIni1007","All","data/stepwise/models/02-NewExeIni1007/model_payload.rds",""
1966,0.902410018803695,1878.191725,2081.306375,125.00861552,0.00930206571580951,0.09457,"02-NewExeIni1007","02-NewExeIni1007","02-NewExeIni1007","All","data/stepwise/models/02-NewExeIni1007/model_payload.rds",""
1967,0.89893677370644,1783.30585,1983.794525,73.68795428,0.0123615177127509,0.103925,"02-NewExeIni1007","02-NewExeIni1007","02-NewExeIni1007","All","data/stepwise/models/02-NewExeIni1007/model_payload.rds",""
1968,0.896884434340854,1694.765675,1889.614325,74.80977034,0.0102398421610591,0.0847675,"02-NewExeIni1007","02-NewExeIni1007","02-NewExeIni1007","All","data/stepwise/models/02-NewExeIni1007/model_payload.rds",""
1969,0.897931343539232,1683.827075,1875.2292,109.4716335,0.0125863785975355,0.108115,"02-NewExeIni1007","02-NewExeIni1007","02-NewExeIni1007","All","data/stepwise/models/02-NewExeIni1007/model_payload.rds",""
1970,0.895317224508945,1620.999075,1810.530425,81.84028661,0.0253993083511267,0.1025875,"02-NewExeIni1007","02-NewExeIni1007","02-NewExeIni1007","All","data/stepwise/models/02-NewExeIni1007/model_payload.rds",""
1971,0.892901213937589,1559.586575,1746.65075,87.33544068,0.0273883642143685,0.1050875,"02-NewExeIni1007","02-NewExeIni1007","02-NewExeIni1007","All","data/stepwise/models/02-NewExeIni1007/model_payload.rds",""
1972,0.887479461047767,1542.4064,1737.962925,80.642539,0.0359769601248888,0.1469,"02-NewExeIni1007","02-NewExeIni1007","02-NewExeIni1007","All","data/stepwise/models/02-NewExeIni1007/model_payload.rds",""
1973,0.87358482756297,1446.771875,1656.1321,117.1616328,0.0296597644208931,0.1239125,"02-NewExeIni1007","02-NewExeIni1007","02-NewExeIni1007","All","data/stepwise/models/02-NewExeIni1007/model_payload.rds",""
1974,0.864933301964449,1377.8213,1592.979825,48.29993025,0.0385420634400475,0.13255,"02-NewExeIni1007","02-NewExeIni1007","02-NewExeIni1007","All","data/stepwise/models/02-NewExeIni1007/model_payload.rds",""
1975,0.856925736097898,1368.160175,1596.5913,166.62620209,0.0306007818638436,0.164125,"02-NewExeIni1007","02-NewExeIni1007","02-NewExeIni1007","All","data/stepwise/models/02-NewExeIni1007/model_payload.rds",""
1976,0.844604861103539,1363.369275,1614.2096,82.02656992,0.0391052384070896,0.17395,"02-NewExeIni1007","02-NewExeIni1007","02-NewExeIni1007","All","data/stepwise/models/02-NewExeIni1007/model_payload.rds",""
1977,0.834970997981018,1396.107475,1672.043075,134.07633662,0.0486360509693893,0.191675,"02-NewExeIni1007","02-NewExeIni1007","02-NewExeIni1007","All","data/stepwise/models/02-NewExeIni1007/model_payload.rds",""
1978,0.828514018786544,1443.34375,1742.0873,25.165966715,0.0394323786967359,0.161675,"02-NewExeIni1007","02-NewExeIni1007","02-NewExeIni1007","All","data/stepwise/models/02-NewExeIni1007/model_payload.rds",""
1979,0.816755682449339,1421.6293,1740.58085,62.05769691,0.0623840438034519,0.20235,"02-NewExeIni1007","02-NewExeIni1007","02-NewExeIni1007","All","data/stepwise/models/02-NewExeIni1007/model_payload.rds",""
1980,0.804050395985723,1403.910425,1746.0478,99.9785074,0.0475940482903645,0.203575,"02-NewExeIni1007","02-NewExeIni1007","02-NewExeIni1007","All","data/stepwise/models/02-NewExeIni1007/model_payload.rds",""
1981,0.790207313492726,1310.075025,1657.88775,99.73239794,0.0694428339776366,0.19605,"02-NewExeIni1007","02-NewExeIni1007","02-NewExeIni1007","All","data/stepwise/models/02-NewExeIni1007/model_payload.rds",""
1982,0.779947225185704,1246.789375,1598.556075,123.93489034,0.0767136822715962,0.236275,"02-NewExeIni1007","02-NewExeIni1007","02-NewExeIni1007","All","data/stepwise/models/02-NewExeIni1007/model_payload.rds",""
1983,0.768622667863372,1222.841175,1590.951225,91.6767245,0.0979405401721668,0.2435,"02-NewExeIni1007","02-NewExeIni1007","02-NewExeIni1007","All","data/stepwise/models/02-NewExeIni1007/model_payload.rds",""
1984,0.755606397748866,1244.370075,1646.849575,85.5445639,0.110292167054959,0.2642,"02-NewExeIni1007","02-NewExeIni1007","02-NewExeIni1007","All","data/stepwise/models/02-NewExeIni1007/model_payload.rds",""
1985,0.734927381402153,1250.8365,1701.986525,128.8768376,0.0973251465320712,0.2788,"02-NewExeIni1007","02-NewExeIni1007","02-NewExeIni1007","All","data/stepwise/models/02-NewExeIni1007/model_payload.rds",""
1986,0.711543775476408,1216.893425,1710.215825,52.77282353,0.122489009730957,0.26115,"02-NewExeIni1007","02-NewExeIni1007","02-NewExeIni1007","All","data/stepwise/models/02-NewExeIni1007/model_payload.rds",""
1987,0.692698943424563,1202.4123,1735.836775,121.93567121,0.141011884002465,0.340925,"02-NewExeIni1007","02-NewExeIni1007","02-NewExeIni1007","All","data/stepwise/models/02-NewExeIni1007/model_payload.rds",""
1988,0.670613192947278,1177.785075,1756.2808,160.2462424,0.116673258908984,0.3128,"02-NewExeIni1007","02-NewExeIni1007","02-NewExeIni1007","All","data/stepwise/models/02-NewExeIni1007/model_payload.rds",""
1989,0.65005914974136,1135.4929,1746.7532,82.1811526,0.130881708504537,0.3117,"02-NewExeIni1007","02-NewExeIni1007","02-NewExeIni1007","All","data/stepwise/models/02-NewExeIni1007/model_payload.rds",""
1990,0.640179537432922,1185.08005,1851.168275,124.45466,0.163242449660517,0.377575,"02-NewExeIni1007","02-NewExeIni1007","02-NewExeIni1007","All","data/stepwise/models/02-NewExeIni1007/model_payload.rds",""
1991,0.630848012026638,1220.295125,1934.372625,92.64534467,0.197888515322822,0.346,"02-NewExeIni1007","02-NewExeIni1007","02-NewExeIni1007","All","data/stepwise/models/02-NewExeIni1007/model_payload.rds",""
1992,0.611406669205005,1205.0268,1970.908825,127.084415,0.217031671347787,0.43565,"02-NewExeIni1007","02-NewExeIni1007","02-NewExeIni1007","All","data/stepwise/models/02-NewExeIni1007/model_payload.rds",""
1993,0.583006512179708,1151.1017,1974.4234,76.89902788,0.166913347606203,0.39285,"02-NewExeIni1007","02-NewExeIni1007","02-NewExeIni1007","All","data/stepwise/models/02-NewExeIni1007/model_payload.rds",""
1994,0.553166402867046,1093.60435,1976.989825,113.0005224,0.192727866794948,0.471225,"02-NewExeIni1007","02-NewExeIni1007","02-NewExeIni1007","All","data/stepwise/models/02-NewExeIni1007/model_payload.rds",""
1995,0.527082799111942,1044.3454,1981.368775,115.03324199,0.177742993966066,0.4244,"02-NewExeIni1007","02-NewExeIni1007","02-NewExeIni1007","All","data/stepwise/models/02-NewExeIni1007/model_payload.rds",""
1996,0.513552813921686,1009.471675,1965.662825,142.1112722,0.195469812724093,0.395775,"02-NewExeIni1007","02-NewExeIni1007","02-NewExeIni1007","All","data/stepwise/models/02-NewExeIni1007/model_payload.rds",""
1997,0.521851857148521,1057.31425,2026.081225,77.18748504,0.217359321168166,0.492425,"02-NewExeIni1007","02-NewExeIni1007","02-NewExeIni1007","All","data/stepwise/models/02-NewExeIni1007/model_payload.rds",""
1998,0.508431348818609,1057.717025,2080.353675,143.33456241,0.245011302396673,0.58425,"02-NewExeIni1007","02-NewExeIni1007","02-NewExeIni1007","All","data/stepwise/models/02-NewExeIni1007/model_payload.rds",""
1999,0.490161285607523,1030.3438,2102.05055,94.17022886,0.31217300528915,0.629275,"02-NewExeIni1007","02-NewExeIni1007","02-NewExeIni1007","All","data/stepwise/models/02-NewExeIni1007/model_payload.rds",""
2000,0.462540309827914,973.9127,2105.573675,177.54351928,0.238804959462246,0.6021,"02-NewExeIni1007","02-NewExeIni1007","02-NewExeIni1007","All","data/stepwise/models/02-NewExeIni1007/model_payload.rds",""
2001,0.438149191897901,922.898475,2106.356675,108.47240177,0.231033899845267,0.528475,"02-NewExeIni1007","02-NewExeIni1007","02-NewExeIni1007","All","data/stepwise/models/02-NewExeIni1007/model_payload.rds",""
2002,0.424816346498349,913.70205,2150.8166,139.6922607,0.218524575787835,0.6256,"02-NewExeIni1007","02-NewExeIni1007","02-NewExeIni1007","All","data/stepwise/models/02-NewExeIni1007/model_payload.rds",""
2003,0.420160237179104,941.8229,2241.580275,93.66465301,0.350790263267226,0.563275,"02-NewExeIni1007","02-NewExeIni1007","02-NewExeIni1007","All","data/stepwise/models/02-NewExeIni1007/model_payload.rds",""
2004,0.415645749051731,954.3168,2295.98595,169.392185,0.289137127599655,0.76285,"02-NewExeIni1007","02-NewExeIni1007","02-NewExeIni1007","All","data/stepwise/models/02-NewExeIni1007/model_payload.rds",""
2005,0.403983653504273,931.744,2306.39035,91.42207268,0.275573424204625,0.6011,"02-NewExeIni1007","02-NewExeIni1007","02-NewExeIni1007","All","data/stepwise/models/02-NewExeIni1007/model_payload.rds",""
2006,0.393738163471424,925.246275,2349.90245,115.1469215,0.289246630574675,0.645625,"02-NewExeIni1007","02-NewExeIni1007","02-NewExeIni1007","All","data/stepwise/models/02-NewExeIni1007/model_payload.rds",""
2007,0.3874970673673,929.100275,2397.696275,121.439187,0.298157934641153,0.649525,"02-NewExeIni1007","02-NewExeIni1007","02-NewExeIni1007","All","data/stepwise/models/02-NewExeIni1007/model_payload.rds",""
2008,0.377437802141822,897.764375,2378.575675,102.05151784,0.364166009063544,0.68605,"02-NewExeIni1007","02-NewExeIni1007","02-NewExeIni1007","All","data/stepwise/models/02-NewExeIni1007/model_payload.rds",""
2009,0.364156668849254,853.988875,2345.113925,128.9390921,0.258903147118098,0.700425,"02-NewExeIni1007","02-NewExeIni1007","02-NewExeIni1007","All","data/stepwise/models/02-NewExeIni1007/model_payload.rds",""
2010,0.34928651222796,804.84445,2304.252875,92.6918915,0.239454890080127,0.5878,"02-NewExeIni1007","02-NewExeIni1007","02-NewExeIni1007","All","data/stepwise/models/02-NewExeIni1007/model_payload.rds",""
2011,0.347054464126745,798.119225,2299.69445,105.9904694,0.321207779766288,0.7285,"02-NewExeIni1007","02-NewExeIni1007","02-NewExeIni1007","All","data/stepwise/models/02-NewExeIni1007/model_payload.rds",""
2012,0.34410535669711,783.898275,2278.07635,151.1013082,0.260580990110675,0.75085,"02-NewExeIni1007","02-NewExeIni1007","02-NewExeIni1007","All","data/stepwise/models/02-NewExeIni1007/model_payload.rds",""
2013,0.334785722119666,741.990375,2216.314275,135.4289374,0.271784416653847,0.68825,"02-NewExeIni1007","02-NewExeIni1007","02-NewExeIni1007","All","data/stepwise/models/02-NewExeIni1007/model_payload.rds",""
2014,0.33868543749246,758.0771,2238.292575,82.28992823,0.35030701084451,0.750725,"02-NewExeIni1007","02-NewExeIni1007","02-NewExeIni1007","All","data/stepwise/models/02-NewExeIni1007/model_payload.rds",""
2015,0.343532188569427,795.581575,2315.88655,124.2401911,0.303548200318184,0.664175,"02-NewExeIni1007","02-NewExeIni1007","02-NewExeIni1007","All","data/stepwise/models/02-NewExeIni1007/model_payload.rds",""
2016,0.342727961286518,804.007675,2345.906275,123.9619058,0.383180385113375,0.67735,"02-NewExeIni1007","02-NewExeIni1007","02-NewExeIni1007","All","data/stepwise/models/02-NewExeIni1007/model_payload.rds",""
2017,0.342070147860415,791.0483,2312.5324,110.0480783,0.226748333974254,0.556675,"02-NewExeIni1007","02-NewExeIni1007","02-NewExeIni1007","All","data/stepwise/models/02-NewExeIni1007/model_payload.rds",""
2018,0.343918642175538,794.2797,2309.498825,98.101254,0.317490945212098,0.661875,"02-NewExeIni1007","02-NewExeIni1007","02-NewExeIni1007","All","data/stepwise/models/02-NewExeIni1007/model_payload.rds",""
2019,0.343793479881439,794.154825,2309.9764,76.8692284,0.306611562421936,0.6067,"02-NewExeIni1007","02-NewExeIni1007","02-NewExeIni1007","All","data/stepwise/models/02-NewExeIni1007/model_payload.rds",""
2020,0.343746516939841,784.43885,2282.02705,158.9780404,0.447669097724173,0.680925,"02-NewExeIni1007","02-NewExeIni1007","02-NewExeIni1007","All","data/stepwise/models/02-NewExeIni1007/model_payload.rds",""
2021,0.344307236280263,762.988425,2216.010425,112.2480977,0.322094010838098,0.612425,"02-NewExeIni1007","02-NewExeIni1007","02-NewExeIni1007","All","data/stepwise/models/02-NewExeIni1007/model_payload.rds",""
1952,0.997032715815046,2828.519575,2836.937575,169.247049,0.00607956044949994,0.0449625,"03-FixM","03-FixM","03-FixM","All","data/stepwise/models/03-FixM/model_payload.rds",""
1953,0.98755803710198,2864.645175,2900.736025,202.10568177,0.00619086979134034,0.042825,"03-FixM","03-FixM","03-FixM","All","data/stepwise/models/03-FixM/model_payload.rds",""
1954,0.981296594026679,2890.9675,2946.069025,195.85069877,0.0049091746789881,0.0291025,"03-FixM","03-FixM","03-FixM","All","data/stepwise/models/03-FixM/model_payload.rds",""
1955,0.976023014649144,2874.610775,2945.228475,175.6097504,0.00578593738498473,0.0444975,"03-FixM","03-FixM","03-FixM","All","data/stepwise/models/03-FixM/model_payload.rds",""
1956,0.9702311635849,2936.68545,3026.78945,128.75272359,0.00780926746577415,0.0477425,"03-FixM","03-FixM","03-FixM","All","data/stepwise/models/03-FixM/model_payload.rds",""
1957,0.965485838713766,3128.630575,3240.472775,113.94678082,0.00989262401341524,0.06269,"03-FixM","03-FixM","03-FixM","All","data/stepwise/models/03-FixM/model_payload.rds",""
1958,0.955275402941728,3126.3434,3272.714225,197.20413519,0.01076525984628,0.08985,"03-FixM","03-FixM","03-FixM","All","data/stepwise/models/03-FixM/model_payload.rds",""
1959,0.942302176723749,2942.534475,3122.707925,57.22114824,0.00957828573243786,0.0820125,"03-FixM","03-FixM","03-FixM","All","data/stepwise/models/03-FixM/model_payload.rds",""
1960,0.93270075408301,2752.552725,2951.163825,117.70712831,0.0104041203999668,0.08571,"03-FixM","03-FixM","03-FixM","All","data/stepwise/models/03-FixM/model_payload.rds",""
1961,0.927329978544909,2664.230875,2873.012775,83.89386263,0.0103374571033133,0.0865625,"03-FixM","03-FixM","03-FixM","All","data/stepwise/models/03-FixM/model_payload.rds",""
1962,0.920821611379539,2473.330025,2686.00345,115.9566615,0.00862997456279672,0.084615,"03-FixM","03-FixM","03-FixM","All","data/stepwise/models/03-FixM/model_payload.rds",""
1963,0.914898164795643,2313.0836,2528.2416,91.01347504,0.0118157675861827,0.110255,"03-FixM","03-FixM","03-FixM","All","data/stepwise/models/03-FixM/model_payload.rds",""
1964,0.907483220947599,2143.255825,2361.758075,99.40620525,0.00843455096514929,0.0839375,"03-FixM","03-FixM","03-FixM","All","data/stepwise/models/03-FixM/model_payload.rds",""
1965,0.907411678361962,2026.249325,2232.99895,90.5440724,0.00931072925814917,0.0828025,"03-FixM","03-FixM","03-FixM","All","data/stepwise/models/03-FixM/model_payload.rds",""
1966,0.906817854484626,1930.25015,2128.597425,123.55399177,0.00903380866643861,0.092395,"03-FixM","03-FixM","03-FixM","All","data/stepwise/models/03-FixM/model_payload.rds",""
1967,0.903511520759123,1833.885975,2029.7317,71.97564886,0.0119532536501018,0.101335,"03-FixM","03-FixM","03-FixM","All","data/stepwise/models/03-FixM/model_payload.rds",""
1968,0.901642043133909,1744.752325,1935.08315,77.3289561,0.00984542100777796,0.0824975,"03-FixM","03-FixM","03-FixM","All","data/stepwise/models/03-FixM/model_payload.rds",""
1969,0.902793771783864,1737.21615,1924.266875,111.92894031,0.0122170531870785,0.105465,"03-FixM","03-FixM","03-FixM","All","data/stepwise/models/03-FixM/model_payload.rds",""
1970,0.900294698580098,1673.137175,1858.432775,82.32587173,0.0246647166674775,0.1002075,"03-FixM","03-FixM","03-FixM","All","data/stepwise/models/03-FixM/model_payload.rds",""
1971,0.897843825567106,1608.111825,1791.0819,86.60356528,0.0267181698587344,0.1027225,"03-FixM","03-FixM","03-FixM","All","data/stepwise/models/03-FixM/model_payload.rds",""
1972,0.892369324990063,1588.81805,1780.448975,84.3253699,0.035082165954214,0.143975,"03-FixM","03-FixM","03-FixM","All","data/stepwise/models/03-FixM/model_payload.rds",""
1973,0.878717705737972,1488.7133,1694.18835,118.97616166,0.0287372983447916,0.1212575,"03-FixM","03-FixM","03-FixM","All","data/stepwise/models/03-FixM/model_payload.rds",""
1974,0.870219243134215,1417.35965,1628.738575,48.0902715,0.0366144596096461,0.1294,"03-FixM","03-FixM","03-FixM","All","data/stepwise/models/03-FixM/model_payload.rds",""
1975,0.862403121860973,1408.901275,1633.692225,168.53220609,0.0298868112274948,0.160125,"03-FixM","03-FixM","03-FixM","All","data/stepwise/models/03-FixM/model_payload.rds",""
1976,0.850631402430473,1406.4447,1653.412625,83.67473444,0.0378697411888415,0.169025,"03-FixM","03-FixM","03-FixM","All","data/stepwise/models/03-FixM/model_payload.rds",""
1977,0.841755120769999,1446.03435,1717.880075,134.56297983,0.0471121963520421,0.186275,"03-FixM","03-FixM","03-FixM","All","data/stepwise/models/03-FixM/model_payload.rds",""
1978,0.835549146709043,1496.90025,1791.5167,24.143035964,0.0381703931666907,0.157325,"03-FixM","03-FixM","03-FixM","All","data/stepwise/models/03-FixM/model_payload.rds",""
1979,0.824088597597877,1474.69165,1789.481925,62.6039665,0.0604910030341821,0.1968,"03-FixM","03-FixM","03-FixM","All","data/stepwise/models/03-FixM/model_payload.rds",""
1980,0.811642403032613,1455.201375,1792.9095,101.61966193,0.0458531081490163,0.198575,"03-FixM","03-FixM","03-FixM","All","data/stepwise/models/03-FixM/model_payload.rds",""
1981,0.797970409134962,1355.547325,1698.74385,101.47293114,0.0679687969187481,0.191325,"03-FixM","03-FixM","03-FixM","All","data/stepwise/models/03-FixM/model_payload.rds",""
1982,0.788016181954286,1289.77995,1636.742975,123.03861722,0.0743392054750004,0.23045,"03-FixM","03-FixM","03-FixM","All","data/stepwise/models/03-FixM/model_payload.rds",""
1983,0.777104232170427,1267.059475,1630.48845,92.8582246,0.0953470873249729,0.23745,"03-FixM","03-FixM","03-FixM","All","data/stepwise/models/03-FixM/model_payload.rds",""
1984,0.764322494192399,1292.0871,1690.4999,86.1898705,0.107505832490462,0.257875,"03-FixM","03-FixM","03-FixM","All","data/stepwise/models/03-FixM/model_payload.rds",""
1985,0.743885353481518,1298.73285,1745.8777,131.9353859,0.092025989132581,0.272,"03-FixM","03-FixM","03-FixM","All","data/stepwise/models/03-FixM/model_payload.rds",""
1986,0.72064691025822,1262.85325,1752.38835,75.55732107,0.122226858891643,0.254575,"03-FixM","03-FixM","03-FixM","All","data/stepwise/models/03-FixM/model_payload.rds",""
1987,0.702438003130234,1250.31355,1779.96285,103.53650791,0.130545963034691,0.331225,"03-FixM","03-FixM","03-FixM","All","data/stepwise/models/03-FixM/model_payload.rds",""
1988,0.680959435494598,1225.604275,1799.8198,157.3373499,0.11472812895504,0.3042,"03-FixM","03-FixM","03-FixM","All","data/stepwise/models/03-FixM/model_payload.rds",""
1989,0.661318163164603,1186.212275,1793.7089,83.78635718,0.126775005582258,0.303775,"03-FixM","03-FixM","03-FixM","All","data/stepwise/models/03-FixM/model_payload.rds",""
1990,0.650938194174322,1234.429525,1896.38515,124.1420894,0.161115006842845,0.369125,"03-FixM","03-FixM","03-FixM","All","data/stepwise/models/03-FixM/model_payload.rds",""
1991,0.641403585847411,1269.28725,1978.92135,93.28168943,0.193434236080071,0.33855,"03-FixM","03-FixM","03-FixM","All","data/stepwise/models/03-FixM/model_payload.rds",""
1992,0.621848206571931,1252.414725,2014.02,127.410866,0.212001990613423,0.42625,"03-FixM","03-FixM","03-FixM","All","data/stepwise/models/03-FixM/model_payload.rds",""
1993,0.593171493164639,1194.883425,2014.397925,76.8370124,0.162162338278271,0.384425,"03-FixM","03-FixM","03-FixM","All","data/stepwise/models/03-FixM/model_payload.rds",""
1994,0.563248071520833,1135.086,2015.250575,117.0784697,0.187702999607716,0.461325,"03-FixM","03-FixM","03-FixM","All","data/stepwise/models/03-FixM/model_payload.rds",""
1995,0.537183492563882,1083.2092,2016.460325,111.23507669,0.176994410344752,0.4162,"03-FixM","03-FixM","03-FixM","All","data/stepwise/models/03-FixM/model_payload.rds",""
1996,0.52382913713698,1047.296125,1999.30865,146.7656485,0.187412743998256,0.3888,"03-FixM","03-FixM","03-FixM","All","data/stepwise/models/03-FixM/model_payload.rds",""
1997,0.531426771992912,1093.437075,2057.54985,75.14600582,0.212241325769458,0.4814,"03-FixM","03-FixM","03-FixM","All","data/stepwise/models/03-FixM/model_payload.rds",""
1998,0.519501820914899,1100.212775,2117.82275,142.65455112,0.240964256033347,0.564725,"03-FixM","03-FixM","03-FixM","All","data/stepwise/models/03-FixM/model_payload.rds",""
1999,0.502598130927585,1078.36735,2145.585675,94.31795168,0.30300121017619,0.6129,"03-FixM","03-FixM","03-FixM","All","data/stepwise/models/03-FixM/model_payload.rds",""
2000,0.474687246548167,1018.486025,2145.593825,178.73553106,0.235327543269833,0.588025,"03-FixM","03-FixM","03-FixM","All","data/stepwise/models/03-FixM/model_payload.rds",""
2001,0.449954442543301,963.74985,2141.883175,107.77890129,0.226655538023706,0.516,"03-FixM","03-FixM","03-FixM","All","data/stepwise/models/03-FixM/model_payload.rds",""
2002,0.436542750410215,954.1902,2185.788675,140.3010384,0.213898695267853,0.6109,"03-FixM","03-FixM","03-FixM","All","data/stepwise/models/03-FixM/model_payload.rds",""
2003,0.431909403827039,983.914975,2278.0587,95.27944847,0.344719969673375,0.55015,"03-FixM","03-FixM","03-FixM","All","data/stepwise/models/03-FixM/model_payload.rds",""
2004,0.427341149470896,996.209675,2331.18125,169.4457441,0.282720718423062,0.743525,"03-FixM","03-FixM","03-FixM","All","data/stepwise/models/03-FixM/model_payload.rds",""
2005,0.415881590772022,973.673625,2341.228,90.0350226,0.27050539282883,0.583725,"03-FixM","03-FixM","03-FixM","All","data/stepwise/models/03-FixM/model_payload.rds",""
2006,0.406144589491689,970.4814,2389.4973,114.9956481,0.287006803042661,0.62945,"03-FixM","03-FixM","03-FixM","All","data/stepwise/models/03-FixM/model_payload.rds",""
2007,0.399340518482829,972.64395,2435.6255,121.3609647,0.295507930589248,0.63635,"03-FixM","03-FixM","03-FixM","All","data/stepwise/models/03-FixM/model_payload.rds",""
2008,0.388372492231519,936.5444,2411.45915,101.85475423,0.360789948699899,0.6725,"03-FixM","03-FixM","03-FixM","All","data/stepwise/models/03-FixM/model_payload.rds",""
2009,0.374274799920392,888.433225,2373.745775,129.048575,0.254586685711159,0.687875,"03-FixM","03-FixM","03-FixM","All","data/stepwise/models/03-FixM/model_payload.rds",""
2010,0.358881246558103,836.395875,2330.56445,92.0818872,0.235738823391177,0.576825,"03-FixM","03-FixM","03-FixM","All","data/stepwise/models/03-FixM/model_payload.rds",""
2011,0.356394476957921,828.760875,2325.40325,106.9294034,0.315651585186104,0.715525,"03-FixM","03-FixM","03-FixM","All","data/stepwise/models/03-FixM/model_payload.rds",""
2012,0.353504631561607,813.94475,2302.50095,151.1301072,0.257224847155095,0.7367,"03-FixM","03-FixM","03-FixM","All","data/stepwise/models/03-FixM/model_payload.rds",""
2013,0.344415140435307,771.563275,2240.213,135.9787779,0.26679723659459,0.674025,"03-FixM","03-FixM","03-FixM","All","data/stepwise/models/03-FixM/model_payload.rds",""
2014,0.34881033983805,790.054975,2264.998725,81.57829314,0.346215280980526,0.7346,"03-FixM","03-FixM","03-FixM","All","data/stepwise/models/03-FixM/model_payload.rds",""
2015,0.353951291519366,830.12015,2345.294875,124.4145816,0.3007901387062,0.6497,"03-FixM","03-FixM","03-FixM","All","data/stepwise/models/03-FixM/model_payload.rds",""
2016,0.352927557546308,838.5626,2376.01905,124.3816417,0.378519860620132,0.663325,"03-FixM","03-FixM","03-FixM","All","data/stepwise/models/03-FixM/model_payload.rds",""
2017,0.351909717208733,823.78785,2340.9068,110.4245276,0.221629434553593,0.54475,"03-FixM","03-FixM","03-FixM","All","data/stepwise/models/03-FixM/model_payload.rds",""
2018,0.353686794609724,826.8754,2337.874675,97.7097865,0.312681043676664,0.6475,"03-FixM","03-FixM","03-FixM","All","data/stepwise/models/03-FixM/model_payload.rds",""
2019,0.353761962842956,827.555625,2339.30075,77.1327324,0.304428691593833,0.592375,"03-FixM","03-FixM","03-FixM","All","data/stepwise/models/03-FixM/model_payload.rds",""
2020,0.353892159604174,817.7939,2310.856225,157.5486096,0.442257242335345,0.66735,"03-FixM","03-FixM","03-FixM","All","data/stepwise/models/03-FixM/model_payload.rds",""
2021,0.354251205502492,794.595125,2243.0273,112.7379075,0.319040661267345,0.6016,"03-FixM","03-FixM","03-FixM","All","data/stepwise/models/03-FixM/model_payload.rds",""
1952,0.997036549650158,2807.124625,2815.468125,161.03162,0.00622882980422599,0.045795,"04-LengthWeight","04-LengthWeight","04-LengthWeight","All","data/stepwise/models/04-LengthWeight/model_payload.rds",""
1953,0.987554985781573,2841.3579,2877.16425,173.20728463,0.00620060480276512,0.04346,"04-LengthWeight","04-LengthWeight","04-LengthWeight","All","data/stepwise/models/04-LengthWeight/model_payload.rds",""
1954,0.981316120641433,2867.187975,2921.778125,257.23263997,0.00409088621331627,0.028845,"04-LengthWeight","04-LengthWeight","04-LengthWeight","All","data/stepwise/models/04-LengthWeight/model_payload.rds",""
1955,0.976550047440184,2889.729875,2959.121125,149.01699163,0.0055925889273801,0.0439275,"04-LengthWeight","04-LengthWeight","04-LengthWeight","All","data/stepwise/models/04-LengthWeight/model_payload.rds",""
1956,0.970849997637179,2974.814875,3064.1344,135.23966149,0.00771562162497782,0.04773,"04-LengthWeight","04-LengthWeight","04-LengthWeight","All","data/stepwise/models/04-LengthWeight/model_payload.rds",""
1957,0.966315369468657,3176.4513,3287.1787,97.58924286,0.00996032047093896,0.06233,"04-LengthWeight","04-LengthWeight","04-LengthWeight","All","data/stepwise/models/04-LengthWeight/model_payload.rds",""
1958,0.956384234046273,3179.258975,3324.248625,183.57424582,0.0108921951504368,0.0892075,"04-LengthWeight","04-LengthWeight","04-LengthWeight","All","data/stepwise/models/04-LengthWeight/model_payload.rds",""
1959,0.943793488179323,2992.68605,3170.91195,60.07866577,0.00955477467554648,0.0816225,"04-LengthWeight","04-LengthWeight","04-LengthWeight","All","data/stepwise/models/04-LengthWeight/model_payload.rds",""
1960,0.934357815695937,2794.54255,2990.869775,112.40864579,0.0106147251756614,0.08598,"04-LengthWeight","04-LengthWeight","04-LengthWeight","All","data/stepwise/models/04-LengthWeight/model_payload.rds",""
1961,0.928832452623035,2693.823425,2900.22535,81.38892194,0.0103559055913612,0.08714,"04-LengthWeight","04-LengthWeight","04-LengthWeight","All","data/stepwise/models/04-LengthWeight/model_payload.rds",""
1962,0.922289969996695,2493.051725,2703.110525,97.67450603,0.00900373133551623,0.0849975,"04-LengthWeight","04-LengthWeight","04-LengthWeight","All","data/stepwise/models/04-LengthWeight/model_payload.rds",""
1963,0.916444670500088,2327.935225,2540.180875,86.70662477,0.0120376091820067,0.1108975,"04-LengthWeight","04-LengthWeight","04-LengthWeight","All","data/stepwise/models/04-LengthWeight/model_payload.rds",""
1964,0.909033646966631,2152.6439,2368.05745,103.41002679,0.00848303430354134,0.0845325,"04-LengthWeight","04-LengthWeight","04-LengthWeight","All","data/stepwise/models/04-LengthWeight/model_payload.rds",""
1965,0.908980447078645,2033.06105,2236.638925,94.81898372,0.00907461124681749,0.0833525,"04-LengthWeight","04-LengthWeight","04-LengthWeight","All","data/stepwise/models/04-LengthWeight/model_payload.rds",""
1966,0.908400469974079,1936.1981,2131.4367,108.35665537,0.00939284378110646,0.0931175,"04-LengthWeight","04-LengthWeight","04-LengthWeight","All","data/stepwise/models/04-LengthWeight/model_payload.rds",""
1967,0.90514217174563,1839.458275,2032.231325,79.89764327,0.0118421300653446,0.1020375,"04-LengthWeight","04-LengthWeight","04-LengthWeight","All","data/stepwise/models/04-LengthWeight/model_payload.rds",""
1968,0.903389786586583,1750.90295,1938.147825,71.7118524,0.009872005330229,0.0827325,"04-LengthWeight","04-LengthWeight","04-LengthWeight","All","data/stepwise/models/04-LengthWeight/model_payload.rds",""
1969,0.904741557652118,1747.80625,1931.8293,104.41999723,0.0124677955367086,0.105855,"04-LengthWeight","04-LengthWeight","04-LengthWeight","All","data/stepwise/models/04-LengthWeight/model_payload.rds",""
1970,0.902324443054326,1685.06085,1867.4667,85.342722579,0.0248301657391599,0.10093,"04-LengthWeight","04-LengthWeight","04-LengthWeight","All","data/stepwise/models/04-LengthWeight/model_payload.rds",""
1971,0.899673771946686,1616.23305,1796.465675,78.77084146,0.0269206590068772,0.10331,"04-LengthWeight","04-LengthWeight","04-LengthWeight","All","data/stepwise/models/04-LengthWeight/model_payload.rds",""
1972,0.89405474425083,1596.9364,1786.17295,80.423686,0.0354816228618872,0.1452,"04-LengthWeight","04-LengthWeight","04-LengthWeight","All","data/stepwise/models/04-LengthWeight/model_payload.rds",""
1973,0.88022226290183,1493.6178,1696.864375,118.49284455,0.0286266524103151,0.12235,"04-LengthWeight","04-LengthWeight","04-LengthWeight","All","data/stepwise/models/04-LengthWeight/model_payload.rds",""
1974,0.871643896443768,1421.300925,1630.59815,55.52910226,0.0356803719185477,0.13025,"04-LengthWeight","04-LengthWeight","04-LengthWeight","All","data/stepwise/models/04-LengthWeight/model_payload.rds",""
1975,0.86390783252805,1414.487525,1637.313,160.70726959,0.0318095732769534,0.161275,"04-LengthWeight","04-LengthWeight","04-LengthWeight","All","data/stepwise/models/04-LengthWeight/model_payload.rds",""
1976,0.852340633002704,1413.7167,1658.628775,66.48337822,0.0383527630094775,0.169275,"04-LengthWeight","04-LengthWeight","04-LengthWeight","All","data/stepwise/models/04-LengthWeight/model_payload.rds",""
1977,0.843977280439166,1458.764175,1728.4401,139.855488326,0.046339040438511,0.186325,"04-LengthWeight","04-LengthWeight","04-LengthWeight","All","data/stepwise/models/04-LengthWeight/model_payload.rds",""
1978,0.838121424023695,1513.68155,1806.040875,16.104259248,0.0371997040793801,0.157425,"04-LengthWeight","04-LengthWeight","04-LengthWeight","All","data/stepwise/models/04-LengthWeight/model_payload.rds",""
1979,0.826723960094673,1490.318025,1802.679125,56.99440402,0.0605503947489583,0.197,"04-LengthWeight","04-LengthWeight","04-LengthWeight","All","data/stepwise/models/04-LengthWeight/model_payload.rds",""
1980,0.814505107556276,1471.700425,1806.864575,102.5367293,0.050225964171003,0.20025,"04-LengthWeight","04-LengthWeight","04-LengthWeight","All","data/stepwise/models/04-LengthWeight/model_payload.rds",""
1981,0.800385733768746,1362.559725,1702.378825,105.21768838,0.0678220709476036,0.19245,"04-LengthWeight","04-LengthWeight","04-LengthWeight","All","data/stepwise/models/04-LengthWeight/model_payload.rds",""
1982,0.790295620887118,1297.62465,1641.948425,112.54267956,0.0757242207576398,0.230975,"04-LengthWeight","04-LengthWeight","04-LengthWeight","All","data/stepwise/models/04-LengthWeight/model_payload.rds",""
1983,0.780017180883342,1278.994425,1639.700325,93.2835684,0.0952126041454213,0.2374,"04-LengthWeight","04-LengthWeight","04-LengthWeight","All","data/stepwise/models/04-LengthWeight/model_payload.rds",""
1984,0.767603456196964,1308.775925,1705.015675,76.04151081,0.105055096213592,0.258425,"04-LengthWeight","04-LengthWeight","04-LengthWeight","All","data/stepwise/models/04-LengthWeight/model_payload.rds",""
1985,0.746868815163928,1315.243975,1761.0107,135.7532198,0.0973796949079672,0.2729,"04-LengthWeight","04-LengthWeight","04-LengthWeight","All","data/stepwise/models/04-LengthWeight/model_payload.rds",""
1986,0.723406720638015,1274.562,1761.888525,65.45745776,0.12305191093006,0.254375,"04-LengthWeight","04-LengthWeight","04-LengthWeight","All","data/stepwise/models/04-LengthWeight/model_payload.rds",""
1987,0.705712200055229,1266.85945,1795.150275,98.31615595,0.134150659366479,0.330675,"04-LengthWeight","04-LengthWeight","04-LengthWeight","All","data/stepwise/models/04-LengthWeight/model_payload.rds",""
1988,0.68517976650845,1245.393775,1817.6161,162.7604787,0.11435495302691,0.304375,"04-LengthWeight","04-LengthWeight","04-LengthWeight","All","data/stepwise/models/04-LengthWeight/model_payload.rds",""
1989,0.664967738468054,1203.545275,1809.930325,79.70044531,0.125650351908061,0.303225,"04-LengthWeight","04-LengthWeight","04-LengthWeight","All","data/stepwise/models/04-LengthWeight/model_payload.rds",""
1990,0.654722952634577,1253.716575,1914.88105,118.4261239,0.166553696802397,0.36835,"04-LengthWeight","04-LengthWeight","04-LengthWeight","All","data/stepwise/models/04-LengthWeight/model_payload.rds",""
1991,0.64603649801195,1292.430125,2000.5528,90.107847,0.195502206041984,0.33935,"04-LengthWeight","04-LengthWeight","04-LengthWeight","All","data/stepwise/models/04-LengthWeight/model_payload.rds",""
1992,0.625429626648232,1270.356975,2031.174925,125.549281,0.214240881952348,0.428975,"04-LengthWeight","04-LengthWeight","04-LengthWeight","All","data/stepwise/models/04-LengthWeight/model_payload.rds",""
1993,0.595595959517184,1206.6482,2025.95095,72.70949877,0.161302154851321,0.38645,"04-LengthWeight","04-LengthWeight","04-LengthWeight","All","data/stepwise/models/04-LengthWeight/model_payload.rds",""
1994,0.565472700947202,1145.431625,2025.6179,111.1292119,0.189505104262981,0.4633,"04-LengthWeight","04-LengthWeight","04-LengthWeight","All","data/stepwise/models/04-LengthWeight/model_payload.rds",""
1995,0.539680182899209,1092.97365,2025.224725,110.98777977,0.167420481725146,0.416925,"04-LengthWeight","04-LengthWeight","04-LengthWeight","All","data/stepwise/models/04-LengthWeight/model_payload.rds",""
1996,0.527029606878738,1058.70245,2008.8102,139.65695927,0.201112300208534,0.3876,"04-LengthWeight","04-LengthWeight","04-LengthWeight","All","data/stepwise/models/04-LengthWeight/model_payload.rds",""
1997,0.536806814507504,1114.6963,2076.531575,73.08848225,0.211479567681022,0.482,"04-LengthWeight","04-LengthWeight","04-LengthWeight","All","data/stepwise/models/04-LengthWeight/model_payload.rds",""
1998,0.523634839291019,1117.203075,2133.55375,138.71280307,0.251544792098068,0.572325,"04-LengthWeight","04-LengthWeight","04-LengthWeight","All","data/stepwise/models/04-LengthWeight/model_payload.rds",""
1999,0.505099286967915,1087.0427,2152.136675,88.5897507,0.302574793014321,0.619875,"04-LengthWeight","04-LengthWeight","04-LengthWeight","All","data/stepwise/models/04-LengthWeight/model_payload.rds",""
2000,0.476195322899743,1023.333725,2148.97895,173.72518897,0.240897724485279,0.593975,"04-LengthWeight","04-LengthWeight","04-LengthWeight","All","data/stepwise/models/04-LengthWeight/model_payload.rds",""
2001,0.451354579015191,968.246125,2145.200625,105.35690557,0.226444589785509,0.51945,"04-LengthWeight","04-LengthWeight","04-LengthWeight","All","data/stepwise/models/04-LengthWeight/model_payload.rds",""
2002,0.438615266899496,961.492825,2192.1098,137.6431662,0.212741539977191,0.612875,"04-LengthWeight","04-LengthWeight","04-LengthWeight","All","data/stepwise/models/04-LengthWeight/model_payload.rds",""
2003,0.434900755933326,995.4482,2288.908875,89.19206186,0.351784749625782,0.551475,"04-LengthWeight","04-LengthWeight","04-LengthWeight","All","data/stepwise/models/04-LengthWeight/model_payload.rds",""
2004,0.430842028618287,1009.1671,2342.3135,166.2289072,0.285545024445552,0.745775,"04-LengthWeight","04-LengthWeight","04-LengthWeight","All","data/stepwise/models/04-LengthWeight/model_payload.rds",""
2005,0.419602705693451,987.031025,2352.299,83.08279831,0.270303639983859,0.5849,"04-LengthWeight","04-LengthWeight","04-LengthWeight","All","data/stepwise/models/04-LengthWeight/model_payload.rds",""
2006,0.409563665485808,983.495725,2401.325625,112.0250889,0.29118634847698,0.630675,"04-LengthWeight","04-LengthWeight","04-LengthWeight","All","data/stepwise/models/04-LengthWeight/model_payload.rds",""
2007,0.403007336972095,986.07405,2446.789325,117.2603832,0.298920186564156,0.639075,"04-LengthWeight","04-LengthWeight","04-LengthWeight","All","data/stepwise/models/04-LengthWeight/model_payload.rds",""
2008,0.391885723296756,948.816725,2421.15665,97.33616905,0.37106767607423,0.6768,"04-LengthWeight","04-LengthWeight","04-LengthWeight","All","data/stepwise/models/04-LengthWeight/model_payload.rds",""
2009,0.37698962844346,896.914375,2379.148675,126.0217404,0.253396909163831,0.6944,"04-LengthWeight","04-LengthWeight","04-LengthWeight","All","data/stepwise/models/04-LengthWeight/model_payload.rds",""
2010,0.36105523183043,842.5951,2333.7014,87.5469182,0.237599538507484,0.58115,"04-LengthWeight","04-LengthWeight","04-LengthWeight","All","data/stepwise/models/04-LengthWeight/model_payload.rds",""
2011,0.358691554412476,835.612275,2329.61235,102.8769617,0.319825353211498,0.72085,"04-LengthWeight","04-LengthWeight","04-LengthWeight","All","data/stepwise/models/04-LengthWeight/model_payload.rds",""
2012,0.355977105545011,820.6591,2305.37045,147.6735571,0.258878440255843,0.74225,"04-LengthWeight","04-LengthWeight","04-LengthWeight","All","data/stepwise/models/04-LengthWeight/model_payload.rds",""
2013,0.34713291205923,778.72255,2243.29795,131.442352,0.263886491747319,0.675775,"04-LengthWeight","04-LengthWeight","04-LengthWeight","All","data/stepwise/models/04-LengthWeight/model_payload.rds",""
2014,0.35248968311208,801.118125,2272.74205,76.67652244,0.344980690353299,0.733425,"04-LengthWeight","04-LengthWeight","04-LengthWeight","All","data/stepwise/models/04-LengthWeight/model_payload.rds",""
2015,0.358657201640177,845.497725,2357.397875,119.2134995,0.306701101997961,0.648925,"04-LengthWeight","04-LengthWeight","04-LengthWeight","All","data/stepwise/models/04-LengthWeight/model_payload.rds",""
2016,0.357861588945396,854.44485,2387.640575,120.7568279,0.38329805933261,0.6638,"04-LengthWeight","04-LengthWeight","04-LengthWeight","All","data/stepwise/models/04-LengthWeight/model_payload.rds",""
2017,0.356634736459603,837.95775,2349.6246,106.5408943,0.220761281466814,0.54535,"04-LengthWeight","04-LengthWeight","04-LengthWeight","All","data/stepwise/models/04-LengthWeight/model_payload.rds",""
2018,0.358014183477854,839.6403,2345.27105,94.7277672,0.311898524998723,0.648225,"04-LengthWeight","04-LengthWeight","04-LengthWeight","All","data/stepwise/models/04-LengthWeight/model_payload.rds",""
2019,0.358194403638979,840.5639,2346.66955,74.2810031,0.305409547816758,0.5934,"04-LengthWeight","04-LengthWeight","04-LengthWeight","All","data/stepwise/models/04-LengthWeight/model_payload.rds",""
2020,0.3582614416585,829.916875,2316.51185,160.3275,0.448011148686839,0.669,"04-LengthWeight","04-LengthWeight","04-LengthWeight","All","data/stepwise/models/04-LengthWeight/model_payload.rds",""
2021,0.358523670351336,804.887325,2245.0047,109.2128286,0.307735557145395,0.59585,"04-LengthWeight","04-LengthWeight","04-LengthWeight","All","data/stepwise/models/04-LengthWeight/model_payload.rds",""
1952,0.996872365382501,2719.5675,2728.1,155.215684,0.00636542151713068,0.04839,"05-NewStructure","05-NewStructure","05-NewStructure","All","data/stepwise/models/05-NewStructure/model_payload.rds",""
1953,0.986864636995623,2751.8375,2788.465,45.7484171,0.00715056190707432,0.0461,"05-NewStructure","05-NewStructure","05-NewStructure","All","data/stepwise/models/05-NewStructure/model_payload.rds",""
1954,0.980214694803962,2774.755,2830.7625,174.6255209,0.00429489630177916,0.0327875,"05-NewStructure","05-NewStructure","05-NewStructure","All","data/stepwise/models/05-NewStructure/model_payload.rds",""
1955,0.973644816519508,2700.825,2773.9325,177.5902589,0.00631170804063977,0.055935,"05-NewStructure","05-NewStructure","05-NewStructure","All","data/stepwise/models/05-NewStructure/model_payload.rds",""
1956,0.965173326116272,2585.5425,2678.8375,91.441617,0.00879665444042438,0.0597775,"05-NewStructure","05-NewStructure","05-NewStructure","All","data/stepwise/models/05-NewStructure/model_payload.rds",""
1957,0.958247757513383,2644.2775,2759.4925,73.952981,0.0126257308514129,0.08082,"05-NewStructure","05-NewStructure","05-NewStructure","All","data/stepwise/models/05-NewStructure/model_payload.rds",""
1958,0.945048633729157,2562.8325,2711.8525,130.514287,0.0150922804211036,0.1182575,"05-NewStructure","05-NewStructure","05-NewStructure","All","data/stepwise/models/05-NewStructure/model_payload.rds",""
1959,0.927665480941439,2342.52,2525.1775,35.9841941,0.0133210609232101,0.11167,"05-NewStructure","05-NewStructure","05-NewStructure","All","data/stepwise/models/05-NewStructure/model_payload.rds",""
1960,0.913219700265659,2125.27,2327.2275,71.5890714,0.0155316298140107,0.1203025,"05-NewStructure","05-NewStructure","05-NewStructure","All","data/stepwise/models/05-NewStructure/model_payload.rds",""
1961,0.903126447376527,1979.17,2191.465,84.1614294,0.0130225799054534,0.1222875,"05-NewStructure","05-NewStructure","05-NewStructure","All","data/stepwise/models/05-NewStructure/model_payload.rds",""
1962,0.892912494741793,1798.9575,2014.7075,70.3658814,0.0125945322681633,0.118305,"05-NewStructure","05-NewStructure","05-NewStructure","All","data/stepwise/models/05-NewStructure/model_payload.rds",""
1963,0.885913325275365,1689.45,1907.015,63.7069624,0.0166429660243456,0.1523975,"05-NewStructure","05-NewStructure","05-NewStructure","All","data/stepwise/models/05-NewStructure/model_payload.rds",""
1964,0.876948094057991,1572.0325,1792.6175,79.6056732,0.0113507904945777,0.1165875,"05-NewStructure","05-NewStructure","05-NewStructure","All","data/stepwise/models/05-NewStructure/model_payload.rds",""
1965,0.876939566644239,1489.0675,1698.0275,61.506653,0.0126094547988107,0.11467,"05-NewStructure","05-NewStructure","05-NewStructure","All","data/stepwise/models/05-NewStructure/model_payload.rds",""
1966,0.876292183090894,1423.0525,1623.9475,89.412422,0.012220789623472,0.12895,"05-NewStructure","05-NewStructure","05-NewStructure","All","data/stepwise/models/05-NewStructure/model_payload.rds",""
1967,0.871074825777889,1340.8825,1539.3425,76.9649471,0.014830431686268,0.13945,"05-NewStructure","05-NewStructure","05-NewStructure","All","data/stepwise/models/05-NewStructure/model_payload.rds",""
1968,0.869284260515604,1281.325,1474,46.429929,0.0136756670109088,0.1106125,"05-NewStructure","05-NewStructure","05-NewStructure","All","data/stepwise/models/05-NewStructure/model_payload.rds",""
1969,0.872906410553268,1300.6,1489.965,82.0839263,0.0164850092882374,0.142365,"05-NewStructure","05-NewStructure","05-NewStructure","All","data/stepwise/models/05-NewStructure/model_payload.rds",""
1970,0.869264881607906,1253.0475,1441.5025,71.2492788,0.0335557690467053,0.136875,"05-NewStructure","05-NewStructure","05-NewStructure","All","data/stepwise/models/05-NewStructure/model_payload.rds",""
1971,0.865510694393204,1202.335,1389.1625,53.6867316,0.0367772831663709,0.138275,"05-NewStructure","05-NewStructure","05-NewStructure","All","data/stepwise/models/05-NewStructure/model_payload.rds",""
1972,0.859179185069047,1197.365,1393.615,53.259382,0.0555743084837461,0.19345,"05-NewStructure","05-NewStructure","05-NewStructure","All","data/stepwise/models/05-NewStructure/model_payload.rds",""
1973,0.842183812886839,1121.5425,1331.7075,114.8663556,0.0394146668933365,0.165075,"05-NewStructure","05-NewStructure","05-NewStructure","All","data/stepwise/models/05-NewStructure/model_payload.rds",""
1974,0.830624519469397,1066.84375,1284.3875,30.8312781,0.0468169603911351,0.17545,"05-NewStructure","05-NewStructure","05-NewStructure","All","data/stepwise/models/05-NewStructure/model_payload.rds",""
1975,0.820017501979621,1058.87425,1291.2825,143.68719,0.0500697996724173,0.214275,"05-NewStructure","05-NewStructure","05-NewStructure","All","data/stepwise/models/05-NewStructure/model_payload.rds",""
1976,0.807292965322441,1060.345,1313.4575,53.9786262,0.0451049888020701,0.22255,"05-NewStructure","05-NewStructure","05-NewStructure","All","data/stepwise/models/05-NewStructure/model_payload.rds",""
1977,0.797152708304207,1097.6175,1376.9225,125.9582551,0.0580730298303419,0.241325,"05-NewStructure","05-NewStructure","05-NewStructure","All","data/stepwise/models/05-NewStructure/model_payload.rds",""
1978,0.791505527459489,1157.375,1462.245,8.3286621,0.0437443513685501,0.198425,"05-NewStructure","05-NewStructure","05-NewStructure","All","data/stepwise/models/05-NewStructure/model_payload.rds",""
1979,0.782946188087002,1175.8325,1501.805,47.6848513,0.0660760173981639,0.240775,"05-NewStructure","05-NewStructure","05-NewStructure","All","data/stepwise/models/05-NewStructure/model_payload.rds",""
1980,0.7714314617448,1181.995,1532.21,94.541017,0.0584226085671928,0.245275,"05-NewStructure","05-NewStructure","05-NewStructure","All","data/stepwise/models/05-NewStructure/model_payload.rds",""
1981,0.757691648968966,1106.0025,1459.7,108.088238,0.0804915091370006,0.2341,"05-NewStructure","05-NewStructure","05-NewStructure","All","data/stepwise/models/05-NewStructure/model_payload.rds",""
1982,0.750211628620251,1070.13,1426.4375,106.551734,0.0809476823702406,0.272025,"05-NewStructure","05-NewStructure","05-NewStructure","All","data/stepwise/models/05-NewStructure/model_payload.rds",""
1983,0.743492666079633,1084.99,1459.315,84.325538,0.0971864327576607,0.27365,"05-NewStructure","05-NewStructure","05-NewStructure","All","data/stepwise/models/05-NewStructure/model_payload.rds",""
1984,0.735418943139133,1145.825,1558.0575,57.707217,0.111151728903067,0.294925,"05-NewStructure","05-NewStructure","05-NewStructure","All","data/stepwise/models/05-NewStructure/model_payload.rds",""
1985,0.716257476519831,1171.765,1635.955,175.219676,0.120929866213106,0.30955,"05-NewStructure","05-NewStructure","05-NewStructure","All","data/stepwise/models/05-NewStructure/model_payload.rds",""
1986,0.693465999461668,1133.595,1634.68,41.197414,0.115919691777963,0.280625,"05-NewStructure","05-NewStructure","05-NewStructure","All","data/stepwise/models/05-NewStructure/model_payload.rds",""
1987,0.67989297019509,1152.32,1694.855,114.328699,0.130027909238886,0.349725,"05-NewStructure","05-NewStructure","05-NewStructure","All","data/stepwise/models/05-NewStructure/model_payload.rds",""
1988,0.665280864245312,1181.77,1776.3475,169.088426,0.105930228665595,0.314725,"05-NewStructure","05-NewStructure","05-NewStructure","All","data/stepwise/models/05-NewStructure/model_payload.rds",""
1989,0.650286613716155,1165.06,1791.61,63.692658,0.130733591171271,0.31205,"05-NewStructure","05-NewStructure","05-NewStructure","All","data/stepwise/models/05-NewStructure/model_payload.rds",""
1990,0.644254479051006,1228.64,1907.0725,128.324785,0.14624710719457,0.384425,"05-NewStructure","05-NewStructure","05-NewStructure","All","data/stepwise/models/05-NewStructure/model_payload.rds",""
1991,0.634549924952836,1258.79,1983.7525,82.6835188,0.187658178824358,0.3542,"05-NewStructure","05-NewStructure","05-NewStructure","All","data/stepwise/models/05-NewStructure/model_payload.rds",""
1992,0.615297096239802,1230.325,1999.5625,142.69255,0.200297268207436,0.441225,"05-NewStructure","05-NewStructure","05-NewStructure","All","data/stepwise/models/05-NewStructure/model_payload.rds",""
1993,0.590764492939892,1177.85,1993.7725,59.28932,0.142971818782612,0.3847,"05-NewStructure","05-NewStructure","05-NewStructure","All","data/stepwise/models/05-NewStructure/model_payload.rds",""
1994,0.56799888690924,1153.255,2030.3825,115.111768,0.179072868724216,0.443725,"05-NewStructure","05-NewStructure","05-NewStructure","All","data/stepwise/models/05-NewStructure/model_payload.rds",""
1995,0.550576162614932,1133.69,2059.0975,104.450821,0.143239130489862,0.403325,"05-NewStructure","05-NewStructure","05-NewStructure","All","data/stepwise/models/05-NewStructure/model_payload.rds",""
1996,0.539150353506509,1095.0575,2031.08,156.802356,0.184181828859413,0.37905,"05-NewStructure","05-NewStructure","05-NewStructure","All","data/stepwise/models/05-NewStructure/model_payload.rds",""
1997,0.545881118662867,1136.8875,2082.665,65.619189,0.204115223242913,0.474825,"05-NewStructure","05-NewStructure","05-NewStructure","All","data/stepwise/models/05-NewStructure/model_payload.rds",""
1998,0.534299266441998,1143.9,2140.935,142.077632,0.252506609090137,0.5503,"05-NewStructure","05-NewStructure","05-NewStructure","All","data/stepwise/models/05-NewStructure/model_payload.rds",""
1999,0.517665959073554,1120.5475,2164.615,82.204051,0.274261362842985,0.597625,"05-NewStructure","05-NewStructure","05-NewStructure","All","data/stepwise/models/05-NewStructure/model_payload.rds",""
2000,0.488181142458784,1057.415,2166.03,169.503678,0.226123929339289,0.57675,"05-NewStructure","05-NewStructure","05-NewStructure","All","data/stepwise/models/05-NewStructure/model_payload.rds",""
2001,0.464165206820524,1004.2075,2163.47,98.183444,0.199953445738441,0.5043,"05-NewStructure","05-NewStructure","05-NewStructure","All","data/stepwise/models/05-NewStructure/model_payload.rds",""
2002,0.453334600231435,1001.925,2210.1225,129.74613,0.204936858006692,0.6074,"05-NewStructure","05-NewStructure","05-NewStructure","All","data/stepwise/models/05-NewStructure/model_payload.rds",""
2003,0.44652101545196,1022.1,2289.03,75.233204,0.280712169231567,0.552325,"05-NewStructure","05-NewStructure","05-NewStructure","All","data/stepwise/models/05-NewStructure/model_payload.rds",""
2004,0.439773509980889,1019.97,2319.3075,169.025078,0.286337792836055,0.764125,"05-NewStructure","05-NewStructure","05-NewStructure","All","data/stepwise/models/05-NewStructure/model_payload.rds",""
2005,0.423490534698867,975.25,2302.885,75.338929,0.255056808444114,0.611075,"05-NewStructure","05-NewStructure","05-NewStructure","All","data/stepwise/models/05-NewStructure/model_payload.rds",""
2006,0.4115596172547,957.53975,2326.6125,96.302852,0.279356167688036,0.659725,"05-NewStructure","05-NewStructure","05-NewStructure","All","data/stepwise/models/05-NewStructure/model_payload.rds",""
2007,0.401565465902866,945.6425,2354.89,122.103084,0.282365804524339,0.6751,"05-NewStructure","05-NewStructure","05-NewStructure","All","data/stepwise/models/05-NewStructure/model_payload.rds",""
2008,0.386491245484638,895.535,2317.09,94.402941,0.318200551421073,0.724275,"05-NewStructure","05-NewStructure","05-NewStructure","All","data/stepwise/models/05-NewStructure/model_payload.rds",""
2009,0.369742126353671,837.34575,2264.675,115.408125,0.24931778577097,0.745625,"05-NewStructure","05-NewStructure","05-NewStructure","All","data/stepwise/models/05-NewStructure/model_payload.rds",""
2010,0.356083498245069,790.8205,2220.885,84.251499,0.235604527838656,0.620725,"05-NewStructure","05-NewStructure","05-NewStructure","All","data/stepwise/models/05-NewStructure/model_payload.rds",""
2011,0.354927968049909,787.3935,2218.46,89.895443,0.309953386193292,0.775775,"05-NewStructure","05-NewStructure","05-NewStructure","All","data/stepwise/models/05-NewStructure/model_payload.rds",""
2012,0.348708392677865,763.26775,2188.8425,147.10963,0.280641890661803,0.808025,"05-NewStructure","05-NewStructure","05-NewStructure","All","data/stepwise/models/05-NewStructure/model_payload.rds",""
2013,0.339103942947396,720.85275,2125.7575,121.579006,0.278491356968258,0.735575,"05-NewStructure","05-NewStructure","05-NewStructure","All","data/stepwise/models/05-NewStructure/model_payload.rds",""
2014,0.342909517286215,738.4385,2153.45,73.316978,0.358350141620507,0.7987,"05-NewStructure","05-NewStructure","05-NewStructure","All","data/stepwise/models/05-NewStructure/model_payload.rds",""
2015,0.346393179230168,777.2145,2243.735,98.413776,0.344329184522433,0.724675,"05-NewStructure","05-NewStructure","05-NewStructure","All","data/stepwise/models/05-NewStructure/model_payload.rds",""
2016,0.341066466722533,773.3,2267.3,122.12617,0.507790515475441,0.76585,"05-NewStructure","05-NewStructure","05-NewStructure","All","data/stepwise/models/05-NewStructure/model_payload.rds",""
2017,0.333447453944719,738.99375,2216.2225,105.643362,0.257809070721962,0.655925,"05-NewStructure","05-NewStructure","05-NewStructure","All","data/stepwise/models/05-NewStructure/model_payload.rds",""
2018,0.325605877550277,714.85875,2195.4725,97.347525,0.296102733636844,0.770725,"05-NewStructure","05-NewStructure","05-NewStructure","All","data/stepwise/models/05-NewStructure/model_payload.rds",""
2019,0.320812754949869,707.2245,2204.4775,76.860305,0.305487168985704,0.674825,"05-NewStructure","05-NewStructure","05-NewStructure","All","data/stepwise/models/05-NewStructure/model_payload.rds",""
2020,0.325984202032785,719.6305,2207.5625,82.863434,0.620747809922187,0.7369,"05-NewStructure","05-NewStructure","05-NewStructure","All","data/stepwise/models/05-NewStructure/model_payload.rds",""
2021,0.329301526357344,715.29725,2172.165,96.22704,0.579026884231907,0.75045,"05-NewStructure","05-NewStructure","05-NewStructure","All","data/stepwise/models/05-NewStructure/model_payload.rds",""
1952,0.996944861751107,2564.855,2572.715,149.094374,0.00646462450877966,0.046065,"06-ConvertToLength","06-ConvertToLength","06-ConvertToLength","All","data/stepwise/models/06-ConvertToLength/model_payload.rds",""
1953,0.987108373855258,2596.8625,2630.7775,40.4380161,0.00725760786733902,0.0441,"06-ConvertToLength","06-ConvertToLength","06-ConvertToLength","All","data/stepwise/models/06-ConvertToLength/model_payload.rds",""
1954,0.980435700121376,2619.1825,2671.4475,162.7028903,0.00419782831976732,0.0309125,"06-ConvertToLength","06-ConvertToLength","06-ConvertToLength","All","data/stepwise/models/06-ConvertToLength/model_payload.rds",""
1955,0.974047594894466,2568.5075,2636.9425,200.5428621,0.0056967011219791,0.05033,"06-ConvertToLength","06-ConvertToLength","06-ConvertToLength","All","data/stepwise/models/06-ConvertToLength/model_payload.rds",""
1956,0.966524402664135,2514.8675,2601.97,85.802702,0.0086424332145387,0.055355,"06-ConvertToLength","06-ConvertToLength","06-ConvertToLength","All","data/stepwise/models/06-ConvertToLength/model_payload.rds",""
1957,0.959716701583703,2575.6325,2683.7425,80.014184,0.0119680862280188,0.0765125,"06-ConvertToLength","06-ConvertToLength","06-ConvertToLength","All","data/stepwise/models/06-ConvertToLength/model_payload.rds",""
1958,0.946537813804012,2496.865,2637.8925,129.1541845,0.0145681845518582,0.1116875,"06-ConvertToLength","06-ConvertToLength","06-ConvertToLength","All","data/stepwise/models/06-ConvertToLength/model_payload.rds",""
1959,0.929562331124263,2281.7525,2454.6525,33.7214449,0.0131381693468661,0.103025,"06-ConvertToLength","06-ConvertToLength","06-ConvertToLength","All","data/stepwise/models/06-ConvertToLength/model_payload.rds",""
1960,0.916118209368967,2082.0275,2272.6625,66.8098386,0.0154920411299678,0.11119,"06-ConvertToLength","06-ConvertToLength","06-ConvertToLength","All","data/stepwise/models/06-ConvertToLength/model_payload.rds",""
1961,0.905806303746372,1936.555,2137.935,81.3880297,0.0129433816725122,0.1151725,"06-ConvertToLength","06-ConvertToLength","06-ConvertToLength","All","data/stepwise/models/06-ConvertToLength/model_payload.rds",""
1962,0.895210431436998,1756.705,1962.3375,70.4655882,0.0127374026630785,0.113245,"06-ConvertToLength","06-ConvertToLength","06-ConvertToLength","All","data/stepwise/models/06-ConvertToLength/model_payload.rds",""
1963,0.88699169214346,1632.71,1840.7275,61.7668701,0.0165687639484687,0.145735,"06-ConvertToLength","06-ConvertToLength","06-ConvertToLength","All","data/stepwise/models/06-ConvertToLength/model_payload.rds",""
1964,0.877547878474512,1510.51,1721.285,73.9661344,0.0115103995812693,0.11122,"06-ConvertToLength","06-ConvertToLength","06-ConvertToLength","All","data/stepwise/models/06-ConvertToLength/model_payload.rds",""
1965,0.877323391533604,1428.4075,1628.1425,58.2367869,0.012833967246569,0.1098425,"06-ConvertToLength","06-ConvertToLength","06-ConvertToLength","All","data/stepwise/models/06-ConvertToLength/model_payload.rds",""
1966,0.876185510940331,1361.29,1553.655,89.111388,0.0123274225912957,0.1249775,"06-ConvertToLength","06-ConvertToLength","06-ConvertToLength","All","data/stepwise/models/06-ConvertToLength/model_payload.rds",""
1967,0.870546251497577,1277.05,1466.9525,69.1372865,0.0151221611481131,0.132025,"06-ConvertToLength","06-ConvertToLength","06-ConvertToLength","All","data/stepwise/models/06-ConvertToLength/model_payload.rds",""
1968,0.868908202005922,1216.995,1400.6025,49.8156566,0.0134782281454159,0.1055475,"06-ConvertToLength","06-ConvertToLength","06-ConvertToLength","All","data/stepwise/models/06-ConvertToLength/model_payload.rds",""
1969,0.872330838228122,1234.1475,1414.77,89.19837,0.0161426702195741,0.1370025,"06-ConvertToLength","06-ConvertToLength","06-ConvertToLength","All","data/stepwise/models/06-ConvertToLength/model_payload.rds",""
1970,0.8690619909239,1194.995,1375.04,61.966044,0.0309340002559915,0.1285725,"06-ConvertToLength","06-ConvertToLength","06-ConvertToLength","All","data/stepwise/models/06-ConvertToLength/model_payload.rds",""
1971,0.866662170996559,1156.6625,1334.6175,65.7454956,0.0320653180040803,0.12975,"06-ConvertToLength","06-ConvertToLength","06-ConvertToLength","All","data/stepwise/models/06-ConvertToLength/model_payload.rds",""
1972,0.861256403643374,1160.4375,1347.3775,47.05505,0.0493629975130185,0.18175,"06-ConvertToLength","06-ConvertToLength","06-ConvertToLength","All","data/stepwise/models/06-ConvertToLength/model_payload.rds",""
1973,0.846287345883295,1099.615,1299.34,114.711506,0.0405641532722502,0.1526,"06-ConvertToLength","06-ConvertToLength","06-ConvertToLength","All","data/stepwise/models/06-ConvertToLength/model_payload.rds",""
1974,0.836385755011827,1051.04625,1256.6525,28.640802,0.0417240644335836,0.1629,"06-ConvertToLength","06-ConvertToLength","06-ConvertToLength","All","data/stepwise/models/06-ConvertToLength/model_payload.rds",""
1975,0.825652109819796,1036.1645,1254.965,143.2473288,0.0456608840671674,0.198475,"06-ConvertToLength","06-ConvertToLength","06-ConvertToLength","All","data/stepwise/models/06-ConvertToLength/model_payload.rds",""
1976,0.813363220088916,1037.7925,1275.9275,41.661768,0.0426207530472084,0.2007,"06-ConvertToLength","06-ConvertToLength","06-ConvertToLength","All","data/stepwise/models/06-ConvertToLength/model_payload.rds",""
1977,0.805169368061916,1079.09,1340.2025,139.2260206,0.0561843596872065,0.225375,"06-ConvertToLength","06-ConvertToLength","06-ConvertToLength","All","data/stepwise/models/06-ConvertToLength/model_payload.rds",""
1978,0.799585818219439,1139.9715,1425.7025,11.8898884,0.0393501667070068,0.18295,"06-ConvertToLength","06-ConvertToLength","06-ConvertToLength","All","data/stepwise/models/06-ConvertToLength/model_payload.rds",""
1979,0.79087998003115,1156.486,1462.2775,44.551093,0.0697558318112614,0.225125,"06-ConvertToLength","06-ConvertToLength","06-ConvertToLength","All","data/stepwise/models/06-ConvertToLength/model_payload.rds",""
1980,0.779989870650877,1170.445,1500.59,88.962928,0.0572019949568804,0.22795,"06-ConvertToLength","06-ConvertToLength","06-ConvertToLength","All","data/stepwise/models/06-ConvertToLength/model_payload.rds",""
1981,0.766814529584522,1097.2675,1430.9425,102.728,0.0815542197539689,0.218575,"06-ConvertToLength","06-ConvertToLength","06-ConvertToLength","All","data/stepwise/models/06-ConvertToLength/model_payload.rds",""
1982,0.758386871659101,1054.135,1389.97,96.955397,0.0773421583437232,0.257375,"06-ConvertToLength","06-ConvertToLength","06-ConvertToLength","All","data/stepwise/models/06-ConvertToLength/model_payload.rds",""
1983,0.749542216980297,1058.125,1411.695,87.931302,0.094828525445976,0.263675,"06-ConvertToLength","06-ConvertToLength","06-ConvertToLength","All","data/stepwise/models/06-ConvertToLength/model_payload.rds",""
1984,0.739246343999772,1103.6375,1492.9225,63.987395,0.107594371960475,0.289275,"06-ConvertToLength","06-ConvertToLength","06-ConvertToLength","All","data/stepwise/models/06-ConvertToLength/model_payload.rds",""
1985,0.718757160237647,1113.61,1549.355,145.382817,0.111653472688389,0.29755,"06-ConvertToLength","06-ConvertToLength","06-ConvertToLength","All","data/stepwise/models/06-ConvertToLength/model_payload.rds",""
1986,0.697492823832146,1079.48,1547.6575,50.528745,0.105210380370319,0.26805,"06-ConvertToLength","06-ConvertToLength","06-ConvertToLength","All","data/stepwise/models/06-ConvertToLength/model_payload.rds",""
1987,0.685341891456739,1106.7175,1614.84,117.614632,0.122587673773216,0.3415,"06-ConvertToLength","06-ConvertToLength","06-ConvertToLength","All","data/stepwise/models/06-ConvertToLength/model_payload.rds",""
1988,0.670113286311064,1130.1025,1686.435,138.450291,0.106859124113284,0.304425,"06-ConvertToLength","06-ConvertToLength","06-ConvertToLength","All","data/stepwise/models/06-ConvertToLength/model_payload.rds",""
1989,0.655464434008021,1108.1675,1690.66,88.518276,0.118552949228401,0.302875,"06-ConvertToLength","06-ConvertToLength","06-ConvertToLength","All","data/stepwise/models/06-ConvertToLength/model_payload.rds",""
1990,0.64749145431296,1162.095,1794.765,116.782332,0.14044775828322,0.372425,"06-ConvertToLength","06-ConvertToLength","06-ConvertToLength","All","data/stepwise/models/06-ConvertToLength/model_payload.rds",""
1991,0.638422168848807,1192.82,1868.3875,69.2265375,0.173611215038332,0.338825,"06-ConvertToLength","06-ConvertToLength","06-ConvertToLength","All","data/stepwise/models/06-ConvertToLength/model_payload.rds",""
1992,0.622373546219679,1185.1875,1904.3025,155.266858,0.194144596864175,0.4187,"06-ConvertToLength","06-ConvertToLength","06-ConvertToLength","All","data/stepwise/models/06-ConvertToLength/model_payload.rds",""
1993,0.601342905760262,1145.005,1904.08,55.241174,0.14212302965973,0.36135,"06-ConvertToLength","06-ConvertToLength","06-ConvertToLength","All","data/stepwise/models/06-ConvertToLength/model_payload.rds",""
1994,0.580039497668039,1124.9025,1939.355,136.840258,0.172023740670395,0.423875,"06-ConvertToLength","06-ConvertToLength","06-ConvertToLength","All","data/stepwise/models/06-ConvertToLength/model_payload.rds",""
1995,0.561184192988625,1105.22,1969.4425,98.5733118,0.136027927145223,0.383225,"06-ConvertToLength","06-ConvertToLength","06-ConvertToLength","All","data/stepwise/models/06-ConvertToLength/model_payload.rds",""
1996,0.54877581682067,1063.8225,1938.5375,125.762126,0.170411076961903,0.358025,"06-ConvertToLength","06-ConvertToLength","06-ConvertToLength","All","data/stepwise/models/06-ConvertToLength/model_payload.rds",""
1997,0.55549606366668,1102.325,1984.3975,57.966242,0.191273703606831,0.449075,"06-ConvertToLength","06-ConvertToLength","06-ConvertToLength","All","data/stepwise/models/06-ConvertToLength/model_payload.rds",""
1998,0.545262607109543,1115.0225,2044.9275,133.82278,0.246223867928038,0.5318,"06-ConvertToLength","06-ConvertToLength","06-ConvertToLength","All","data/stepwise/models/06-ConvertToLength/model_payload.rds",""
1999,0.527946959160833,1088.525,2061.8075,108.693829,0.312331523123536,0.59035,"06-ConvertToLength","06-ConvertToLength","06-ConvertToLength","All","data/stepwise/models/06-ConvertToLength/model_payload.rds",""
2000,0.496233447478749,1007.8675,2031.035,145.728507,0.262441374534741,0.565075,"06-ConvertToLength","06-ConvertToLength","06-ConvertToLength","All","data/stepwise/models/06-ConvertToLength/model_payload.rds",""
2001,0.470431107249255,947.44825,2014,80.662252,0.20852066299897,0.48685,"06-ConvertToLength","06-ConvertToLength","06-ConvertToLength","All","data/stepwise/models/06-ConvertToLength/model_payload.rds",""
2002,0.454908855803595,949.86675,2088.0375,122.541876,0.204983422005476,0.601675,"06-ConvertToLength","06-ConvertToLength","06-ConvertToLength","All","data/stepwise/models/06-ConvertToLength/model_payload.rds",""
2003,0.442462468240574,954.32075,2156.84,77.897649,0.276835676974474,0.55555,"06-ConvertToLength","06-ConvertToLength","06-ConvertToLength","All","data/stepwise/models/06-ConvertToLength/model_payload.rds",""
2004,0.432644457940528,940.33975,2173.47,155.007073,0.267863287460081,0.7495,"06-ConvertToLength","06-ConvertToLength","06-ConvertToLength","All","data/stepwise/models/06-ConvertToLength/model_payload.rds",""
2005,0.416631988567864,895.063,2148.33,83.642101,0.238943224177769,0.596375,"06-ConvertToLength","06-ConvertToLength","06-ConvertToLength","All","data/stepwise/models/06-ConvertToLength/model_payload.rds",""
2006,0.407776679625882,886.0345,2172.8425,83.520129,0.265453424160179,0.647075,"06-ConvertToLength","06-ConvertToLength","06-ConvertToLength","All","data/stepwise/models/06-ConvertToLength/model_payload.rds",""
2007,0.399916310305059,881.6445,2204.5725,116.283638,0.303878711614428,0.667075,"06-ConvertToLength","06-ConvertToLength","06-ConvertToLength","All","data/stepwise/models/06-ConvertToLength/model_payload.rds",""
2008,0.386152472842728,837.06175,2167.6975,94.791239,0.355523948858982,0.721275,"06-ConvertToLength","06-ConvertToLength","06-ConvertToLength","All","data/stepwise/models/06-ConvertToLength/model_payload.rds",""
2009,0.369707222169498,779.121,2107.4,109.020066,0.26082278269219,0.74045,"06-ConvertToLength","06-ConvertToLength","06-ConvertToLength","All","data/stepwise/models/06-ConvertToLength/model_payload.rds",""
2010,0.352402292484408,731.7105,2076.35,80.826233,0.248013586873837,0.612125,"06-ConvertToLength","06-ConvertToLength","06-ConvertToLength","All","data/stepwise/models/06-ConvertToLength/model_payload.rds",""
2011,0.348604167466319,726.57475,2084.24,86.119252,0.316301272378431,0.7693,"06-ConvertToLength","06-ConvertToLength","06-ConvertToLength","All","data/stepwise/models/06-ConvertToLength/model_payload.rds",""
2012,0.341888788405966,706.00975,2065.0275,142.527111,0.277641690749968,0.7938,"06-ConvertToLength","06-ConvertToLength","06-ConvertToLength","All","data/stepwise/models/06-ConvertToLength/model_payload.rds",""
2013,0.332965998676354,670.38625,2013.3775,125.2714752,0.269208887826555,0.718125,"06-ConvertToLength","06-ConvertToLength","06-ConvertToLength","All","data/stepwise/models/06-ConvertToLength/model_payload.rds",""
2014,0.337593544536655,687.27125,2035.795,71.041901,0.325476728138738,0.764425,"06-ConvertToLength","06-ConvertToLength","06-ConvertToLength","All","data/stepwise/models/06-ConvertToLength/model_payload.rds",""
2015,0.345175087094726,735.424,2130.5825,90.059294,0.347203710597451,0.686725,"06-ConvertToLength","06-ConvertToLength","06-ConvertToLength","All","data/stepwise/models/06-ConvertToLength/model_payload.rds",""
2016,0.344552961810102,747.9995,2170.9275,124.407283,0.511820501973053,0.726275,"06-ConvertToLength","06-ConvertToLength","06-ConvertToLength","All","data/stepwise/models/06-ConvertToLength/model_payload.rds",""
2017,0.339323661278286,721.8305,2127.2625,102.500097,0.248582584889137,0.620875,"06-ConvertToLength","06-ConvertToLength","06-ConvertToLength","All","data/stepwise/models/06-ConvertToLength/model_payload.rds",""
2018,0.332990679170761,698.075,2096.38,74.74455,0.304812199070164,0.7301,"06-ConvertToLength","06-ConvertToLength","06-ConvertToLength","All","data/stepwise/models/06-ConvertToLength/model_payload.rds",""
2019,0.329635091182609,692.97125,2102.2375,92.0074773,0.253498185239301,0.641375,"06-ConvertToLength","06-ConvertToLength","06-ConvertToLength","All","data/stepwise/models/06-ConvertToLength/model_payload.rds",""
2020,0.332351142326094,696.91625,2096.9275,70.9615771,0.548065490281332,0.70345,"06-ConvertToLength","06-ConvertToLength","06-ConvertToLength","All","data/stepwise/models/06-ConvertToLength/model_payload.rds",""
2021,0.336606014688155,695.29675,2065.61,93.425636,0.480651897948734,0.7171,"06-ConvertToLength","06-ConvertToLength","06-ConvertToLength","All","data/stepwise/models/06-ConvertToLength/model_payload.rds",""
1952,0.997045444586469,2673.53,2681.4525,161.9274,0.0060491420416485,0.0437625,"07-AddLengthData","07-AddLengthData","07-AddLengthData","All","data/stepwise/models/07-AddLengthData/model_payload.rds",""
1953,0.987470565077606,2708.9675,2743.34,48.5283941,0.00675870004458036,0.0417325,"07-AddLengthData","07-AddLengthData","07-AddLengthData","All","data/stepwise/models/07-AddLengthData/model_payload.rds",""
1954,0.981059593620338,2734.5025,2787.295,188.3369989,0.00408939632128092,0.0295525,"07-AddLengthData","07-AddLengthData","07-AddLengthData","All","data/stepwise/models/07-AddLengthData/model_payload.rds",""
1955,0.974761732658079,2676.82,2746.1275,172.644767,0.00618527555841545,0.0498475,"07-AddLengthData","07-AddLengthData","07-AddLengthData","All","data/stepwise/models/07-AddLengthData/model_payload.rds",""
1956,0.966744448612082,2564.4975,2652.715,92.908393,0.00844522604101418,0.053795,"07-AddLengthData","07-AddLengthData","07-AddLengthData","All","data/stepwise/models/07-AddLengthData/model_payload.rds",""
1957,0.959639543740193,2614.37,2724.325,84.6167487,0.0116952033882004,0.07453,"07-AddLengthData","07-AddLengthData","07-AddLengthData","All","data/stepwise/models/07-AddLengthData/model_payload.rds",""
1958,0.946406564894483,2532.345,2675.7475,152.213243,0.0141756061320142,0.108715,"07-AddLengthData","07-AddLengthData","07-AddLengthData","All","data/stepwise/models/07-AddLengthData/model_payload.rds",""
1959,0.929563139145118,2319.0625,2494.7875,16.9125664,0.0128910732188628,0.099925,"07-AddLengthData","07-AddLengthData","07-AddLengthData","All","data/stepwise/models/07-AddLengthData/model_payload.rds",""
1960,0.916074769593237,2115.18,2308.96,77.5855768,0.0142795359102652,0.10788,"07-AddLengthData","07-AddLengthData","07-AddLengthData","All","data/stepwise/models/07-AddLengthData/model_payload.rds",""
1961,0.906390180036476,1981.6975,2186.3625,85.2343458,0.0125165700227625,0.11087,"07-AddLengthData","07-AddLengthData","07-AddLengthData","All","data/stepwise/models/07-AddLengthData/model_payload.rds",""
1962,0.89608048528036,1800.7275,2009.56,80.225882,0.0119582660018935,0.10918,"07-AddLengthData","07-AddLengthData","07-AddLengthData","All","data/stepwise/models/07-AddLengthData/model_payload.rds",""
1963,0.887917942193774,1675.035,1886.475,68.0409837,0.0157116220130165,0.1402025,"07-AddLengthData","07-AddLengthData","07-AddLengthData","All","data/stepwise/models/07-AddLengthData/model_payload.rds",""
1964,0.878839368511524,1554.245,1768.52,77.2334155,0.0110232188674679,0.106735,"07-AddLengthData","07-AddLengthData","07-AddLengthData","All","data/stepwise/models/07-AddLengthData/model_payload.rds",""
1965,0.878922877889992,1474.2525,1677.34,64.6236978,0.0121798137680787,0.104905,"07-AddLengthData","07-AddLengthData","07-AddLengthData","All","data/stepwise/models/07-AddLengthData/model_payload.rds",""
1966,0.878033830100835,1407.3675,1602.8625,103.531966,0.011688750328433,0.11889,"07-AddLengthData","07-AddLengthData","07-AddLengthData","All","data/stepwise/models/07-AddLengthData/model_payload.rds",""
1967,0.87273824978597,1322.685,1515.5575,63.6148335,0.014784099107227,0.126885,"07-AddLengthData","07-AddLengthData","07-AddLengthData","All","data/stepwise/models/07-AddLengthData/model_payload.rds",""
1968,0.870766594844371,1257.855,1444.5375,51.7797254,0.012941937175383,0.1023075,"07-AddLengthData","07-AddLengthData","07-AddLengthData","All","data/stepwise/models/07-AddLengthData/model_payload.rds",""
1969,0.873427122931695,1267.1375,1450.765,92.841221,0.0153300540078246,0.1321,"07-AddLengthData","07-AddLengthData","07-AddLengthData","All","data/stepwise/models/07-AddLengthData/model_payload.rds",""
1970,0.87032292041628,1227.04,1409.8675,65.9407775,0.0302420587539496,0.123905,"07-AddLengthData","07-AddLengthData","07-AddLengthData","All","data/stepwise/models/07-AddLengthData/model_payload.rds",""
1971,0.86801999846503,1187.5425,1368.105,70.9680475,0.0314946021036832,0.12544,"07-AddLengthData","07-AddLengthData","07-AddLengthData","All","data/stepwise/models/07-AddLengthData/model_payload.rds",""
1972,0.862577466450108,1188.2975,1377.6125,49.335395,0.048649528403198,0.1752,"07-AddLengthData","07-AddLengthData","07-AddLengthData","All","data/stepwise/models/07-AddLengthData/model_payload.rds",""
1973,0.848147619494788,1128.9905,1331.125,119.268042,0.0386422859257315,0.1461,"07-AddLengthData","07-AddLengthData","07-AddLengthData","All","data/stepwise/models/07-AddLengthData/model_payload.rds",""
1974,0.838712755996604,1080.9525,1288.82325,38.369283,0.0415293585027853,0.156325,"07-AddLengthData","07-AddLengthData","07-AddLengthData","All","data/stepwise/models/07-AddLengthData/model_payload.rds",""
1975,0.828045477156492,1065.34675,1286.58,142.822008,0.0442113065626259,0.19225,"07-AddLengthData","07-AddLengthData","07-AddLengthData","All","data/stepwise/models/07-AddLengthData/model_payload.rds",""
1976,0.815600046600369,1067.6225,1309.0025,51.537938,0.0423473310063842,0.196125,"07-AddLengthData","07-AddLengthData","07-AddLengthData","All","data/stepwise/models/07-AddLengthData/model_payload.rds",""
1977,0.806093893484457,1101.65225,1366.655,141.4153693,0.0539229646712745,0.219525,"07-AddLengthData","07-AddLengthData","07-AddLengthData","All","data/stepwise/models/07-AddLengthData/model_payload.rds",""
1978,0.800411264439932,1160.9205,1450.405,14.426477,0.0390992153350836,0.177575,"07-AddLengthData","07-AddLengthData","07-AddLengthData","All","data/stepwise/models/07-AddLengthData/model_payload.rds",""
1979,0.791895056681102,1176.7125,1485.945,57.718156,0.0652440776741604,0.218375,"07-AddLengthData","07-AddLengthData","07-AddLengthData","All","data/stepwise/models/07-AddLengthData/model_payload.rds",""
1980,0.781279542040012,1192.1525,1525.8975,91.677436,0.0555340103343549,0.219775,"07-AddLengthData","07-AddLengthData","07-AddLengthData","All","data/stepwise/models/07-AddLengthData/model_payload.rds",""
1981,0.769157499260394,1124.4525,1461.9275,100.366187,0.0795896090353472,0.2104,"07-AddLengthData","07-AddLengthData","07-AddLengthData","All","data/stepwise/models/07-AddLengthData/model_payload.rds",""
1982,0.760849695030848,1082.1375,1422.275,107.967027,0.0746460704764807,0.24995,"07-AddLengthData","07-AddLengthData","07-AddLengthData","All","data/stepwise/models/07-AddLengthData/model_payload.rds",""
1983,0.751465948882133,1083.2175,1441.4725,91.34021,0.0960304188717387,0.2559,"07-AddLengthData","07-AddLengthData","07-AddLengthData","All","data/stepwise/models/07-AddLengthData/model_payload.rds",""
1984,0.74095897582804,1125.1425,1518.495,74.501131,0.102707344863497,0.28075,"07-AddLengthData","07-AddLengthData","07-AddLengthData","All","data/stepwise/models/07-AddLengthData/model_payload.rds",""
1985,0.720590683449416,1136.24,1576.8175,144.370343,0.108563751496631,0.2883,"07-AddLengthData","07-AddLengthData","07-AddLengthData","All","data/stepwise/models/07-AddLengthData/model_payload.rds",""
1986,0.699242227528072,1104.0825,1578.97,55.347506,0.104316037149821,0.26015,"07-AddLengthData","07-AddLengthData","07-AddLengthData","All","data/stepwise/models/07-AddLengthData/model_payload.rds",""
1987,0.687003028290448,1127.5025,1641.19,132.489166,0.118549314648353,0.3314,"07-AddLengthData","07-AddLengthData","07-AddLengthData","All","data/stepwise/models/07-AddLengthData/model_payload.rds",""
1988,0.671985321272332,1150.8975,1712.6825,142.414805,0.103097653912543,0.29445,"07-AddLengthData","07-AddLengthData","07-AddLengthData","All","data/stepwise/models/07-AddLengthData/model_payload.rds",""
1989,0.657640032889098,1131.75575,1720.935,89.3170805,0.117907729038621,0.294225,"07-AddLengthData","07-AddLengthData","07-AddLengthData","All","data/stepwise/models/07-AddLengthData/model_payload.rds",""
1990,0.649053922052836,1182.745,1822.26,120.051479,0.135964967518649,0.362575,"07-AddLengthData","07-AddLengthData","07-AddLengthData","All","data/stepwise/models/07-AddLengthData/model_payload.rds",""
1991,0.639699938948731,1212.8375,1895.9475,83.8443889,0.164886367872154,0.3293,"07-AddLengthData","07-AddLengthData","07-AddLengthData","All","data/stepwise/models/07-AddLengthData/model_payload.rds",""
1992,0.623708126311642,1202.91,1928.6425,150.929453,0.188901524852227,0.40615,"07-AddLengthData","07-AddLengthData","07-AddLengthData","All","data/stepwise/models/07-AddLengthData/model_payload.rds",""
1993,0.603337162312496,1166.0275,1932.63,63.70577,0.139321024902039,0.3514,"07-AddLengthData","07-AddLengthData","07-AddLengthData","All","data/stepwise/models/07-AddLengthData/model_payload.rds",""
1994,0.5822281453825,1144.6125,1965.9175,143.115726,0.166155063998857,0.4108,"07-AddLengthData","07-AddLengthData","07-AddLengthData","All","data/stepwise/models/07-AddLengthData/model_payload.rds",""
1995,0.563589567690586,1125.525,1997.065,77.195762,0.142317529452135,0.3693,"07-AddLengthData","07-AddLengthData","07-AddLengthData","All","data/stepwise/models/07-AddLengthData/model_payload.rds",""
1996,0.551788510406467,1086.255,1968.6075,157.482784,0.158642655716502,0.347125,"07-AddLengthData","07-AddLengthData","07-AddLengthData","All","data/stepwise/models/07-AddLengthData/model_payload.rds",""
1997,0.55830941400329,1125.2475,2015.455,67.899111,0.185133073932268,0.4349,"07-AddLengthData","07-AddLengthData","07-AddLengthData","All","data/stepwise/models/07-AddLengthData/model_payload.rds",""
1998,0.54788332768598,1135.895,2073.2425,136.967028,0.232176138450492,0.5135,"07-AddLengthData","07-AddLengthData","07-AddLengthData","All","data/stepwise/models/07-AddLengthData/model_payload.rds",""
1999,0.531570612953538,1114.475,2096.57,98.191882,0.302261658216578,0.564925,"07-AddLengthData","07-AddLengthData","07-AddLengthData","All","data/stepwise/models/07-AddLengthData/model_payload.rds",""
2000,0.501523821258122,1037.97,2069.6325,168.639639,0.248718190524308,0.5442,"07-AddLengthData","07-AddLengthData","07-AddLengthData","All","data/stepwise/models/07-AddLengthData/model_payload.rds",""
2001,0.476544784666749,978.8075,2053.9675,88.330707,0.201681224863158,0.469375,"07-AddLengthData","07-AddLengthData","07-AddLengthData","All","data/stepwise/models/07-AddLengthData/model_payload.rds",""
2002,0.459462873034347,973.1125,2117.935,126.864114,0.196825254256439,0.5811,"07-AddLengthData","07-AddLengthData","07-AddLengthData","All","data/stepwise/models/07-AddLengthData/model_payload.rds",""
2003,0.447024456350961,978.03475,2187.8775,86.365277,0.271228335535099,0.532575,"07-AddLengthData","07-AddLengthData","07-AddLengthData","All","data/stepwise/models/07-AddLengthData/model_payload.rds",""
2004,0.437502366471492,964.8185,2205.2875,158.226635,0.261369788329966,0.728975,"07-AddLengthData","07-AddLengthData","07-AddLengthData","All","data/stepwise/models/07-AddLengthData/model_payload.rds",""
2005,0.421192096984472,919.1275,2182.205,96.120616,0.234641462631186,0.5774,"07-AddLengthData","07-AddLengthData","07-AddLengthData","All","data/stepwise/models/07-AddLengthData/model_payload.rds",""
2006,0.411635154836258,907.0535,2203.5375,86.506543,0.26426697405966,0.624675,"07-AddLengthData","07-AddLengthData","07-AddLengthData","All","data/stepwise/models/07-AddLengthData/model_payload.rds",""
2007,0.404084904299882,903.648,2236.2825,120.529196,0.287995258844602,0.64095,"07-AddLengthData","07-AddLengthData","07-AddLengthData","All","data/stepwise/models/07-AddLengthData/model_payload.rds",""
2008,0.389890563106268,860.74775,2207.665,102.081459,0.337941844285157,0.69065,"07-AddLengthData","07-AddLengthData","07-AddLengthData","All","data/stepwise/models/07-AddLengthData/model_payload.rds",""
2009,0.373992443910928,803.807,2149.26,113.028315,0.253053075909045,0.707875,"07-AddLengthData","07-AddLengthData","07-AddLengthData","All","data/stepwise/models/07-AddLengthData/model_payload.rds",""
2010,0.357583136999467,756.2195,2114.8075,86.392691,0.237545493338209,0.58665,"07-AddLengthData","07-AddLengthData","07-AddLengthData","All","data/stepwise/models/07-AddLengthData/model_payload.rds",""
2011,0.353682585035137,749.52325,2119.1975,91.159195,0.300460647810318,0.7359,"07-AddLengthData","07-AddLengthData","07-AddLengthData","All","data/stepwise/models/07-AddLengthData/model_payload.rds",""
2012,0.347411646607866,729.37425,2099.4525,150.952333,0.267523606387151,0.75775,"07-AddLengthData","07-AddLengthData","07-AddLengthData","All","data/stepwise/models/07-AddLengthData/model_payload.rds",""
2013,0.339110204430654,694.00175,2046.5375,131.9434898,0.260515924740346,0.685675,"07-AddLengthData","07-AddLengthData","07-AddLengthData","All","data/stepwise/models/07-AddLengthData/model_payload.rds",""
2014,0.343531895076177,709.99025,2066.7375,77.715564,0.315263629477372,0.7314,"07-AddLengthData","07-AddLengthData","07-AddLengthData","All","data/stepwise/models/07-AddLengthData/model_payload.rds",""
2015,0.35130414583042,759.94025,2163.1975,96.472712,0.3371022971509,0.655775,"07-AddLengthData","07-AddLengthData","07-AddLengthData","All","data/stepwise/models/07-AddLengthData/model_payload.rds",""
2016,0.350988387775317,774.233,2205.865,127.985925,0.506988611759672,0.692825,"07-AddLengthData","07-AddLengthData","07-AddLengthData","All","data/stepwise/models/07-AddLengthData/model_payload.rds",""
2017,0.34612017159446,748.741,2163.24,110.877307,0.238441096548478,0.592,"07-AddLengthData","07-AddLengthData","07-AddLengthData","All","data/stepwise/models/07-AddLengthData/model_payload.rds",""
2018,0.339340760601325,723.62975,2132.4575,84.214301,0.285661772302728,0.6941,"07-AddLengthData","07-AddLengthData","07-AddLengthData","All","data/stepwise/models/07-AddLengthData/model_payload.rds",""
2019,0.335509029135632,717.66975,2139.0475,73.2467014,0.298686300624136,0.6174,"07-AddLengthData","07-AddLengthData","07-AddLengthData","All","data/stepwise/models/07-AddLengthData/model_payload.rds",""
2020,0.339260203723874,725.73525,2139.17,81.6681602,0.543530751955504,0.70575,"07-AddLengthData","07-AddLengthData","07-AddLengthData","All","data/stepwise/models/07-AddLengthData/model_payload.rds",""
2021,0.333540014471693,692.585,2076.4675,98.676217,0.467471086139857,0.73095,"07-AddLengthData","07-AddLengthData","07-AddLengthData","All","data/stepwise/models/07-AddLengthData/model_payload.rds",""
1952,0.997402955313647,3076.265,3084.275,186.128122,0.00530866866447485,0.041165,"08-DataTo2024","08-DataTo2024","08-DataTo2024","All","data/stepwise/models/08-DataTo2024/model_payload.rds",""
1953,0.988952136488055,3120.725,3155.5875,55.6256276,0.00593656332605647,0.039145,"08-DataTo2024","08-DataTo2024","08-DataTo2024","All","data/stepwise/models/08-DataTo2024/model_payload.rds",""
1954,0.98332249517741,3152.7925,3206.265,217.8836766,0.00360020414561125,0.027565,"08-DataTo2024","08-DataTo2024","08-DataTo2024","All","data/stepwise/models/08-DataTo2024/model_payload.rds",""
1955,0.977821383735418,3088.2875,3158.335,203.436142,0.00535948495308989,0.046535,"08-DataTo2024","08-DataTo2024","08-DataTo2024","All","data/stepwise/models/08-DataTo2024/model_payload.rds",""
1956,0.970800510423884,2963.2375,3052.365,105.940032,0.00735688671025961,0.049835,"08-DataTo2024","08-DataTo2024","08-DataTo2024","All","data/stepwise/models/08-DataTo2024/model_payload.rds",""
1957,0.964692561758577,3031.0375,3141.9725,97.606243,0.0101571218230222,0.0689725,"08-DataTo2024","08-DataTo2024","08-DataTo2024","All","data/stepwise/models/08-DataTo2024/model_payload.rds",""
1958,0.953175087371972,2948.945,3093.8125,175.659759,0.0123223451040632,0.100835,"08-DataTo2024","08-DataTo2024","08-DataTo2024","All","data/stepwise/models/08-DataTo2024/model_payload.rds",""
1959,0.938442884547931,2708.8975,2886.5875,21.0754938,0.0111412613063986,0.09275,"08-DataTo2024","08-DataTo2024","08-DataTo2024","All","data/stepwise/models/08-DataTo2024/model_payload.rds",""
1960,0.926542147763846,2474.3725,2670.545,88.8080888,0.0123751893737137,0.09975,"08-DataTo2024","08-DataTo2024","08-DataTo2024","All","data/stepwise/models/08-DataTo2024/model_payload.rds",""
1961,0.918083543085396,2322.5425,2529.7725,100.375891,0.0107399199014229,0.102745,"08-DataTo2024","08-DataTo2024","08-DataTo2024","All","data/stepwise/models/08-DataTo2024/model_payload.rds",""
1962,0.909051254089422,2115.26,2326.8875,92.480624,0.0103704791937232,0.1009375,"08-DataTo2024","08-DataTo2024","08-DataTo2024","All","data/stepwise/models/08-DataTo2024/model_payload.rds",""
1963,0.901893340593122,1971.1375,2185.555,79.5164764,0.0135170485170217,0.129555,"08-DataTo2024","08-DataTo2024","08-DataTo2024","All","data/stepwise/models/08-DataTo2024/model_payload.rds",""
1964,0.893947798650894,1833.145,2050.6175,91.0757119,0.00945320493129416,0.0987175,"08-DataTo2024","08-DataTo2024","08-DataTo2024","All","data/stepwise/models/08-DataTo2024/model_payload.rds",""
1965,0.894159313854534,1740.765,1946.8175,75.157957,0.0104888898477423,0.0964375,"08-DataTo2024","08-DataTo2024","08-DataTo2024","All","data/stepwise/models/08-DataTo2024/model_payload.rds",""
1966,0.893547382383108,1663.955,1862.19,114.738566,0.010154595179598,0.10906,"08-DataTo2024","08-DataTo2024","08-DataTo2024","All","data/stepwise/models/08-DataTo2024/model_payload.rds",""
1967,0.889002626535103,1565.4225,1760.875,73.4168716,0.0128440773677894,0.116935,"08-DataTo2024","08-DataTo2024","08-DataTo2024","All","data/stepwise/models/08-DataTo2024/model_payload.rds",""
1968,0.887111107135083,1487.4325,1676.715,62.2337878,0.0111811191593464,0.0946675,"08-DataTo2024","08-DataTo2024","08-DataTo2024","All","data/stepwise/models/08-DataTo2024/model_payload.rds",""
1969,0.889208615966945,1494.095,1680.2525,107.190451,0.0132536605267187,0.1220325,"08-DataTo2024","08-DataTo2024","08-DataTo2024","All","data/stepwise/models/08-DataTo2024/model_payload.rds",""
1970,0.886379284698911,1445.0575,1630.2925,78.2303255,0.0266099932643633,0.11443,"08-DataTo2024","08-DataTo2024","08-DataTo2024","All","data/stepwise/models/08-DataTo2024/model_payload.rds",""
1971,0.884440042461235,1399.7325,1582.62,81.5839434,0.0275248961067884,0.115535,"08-DataTo2024","08-DataTo2024","08-DataTo2024","All","data/stepwise/models/08-DataTo2024/model_payload.rds",""
1972,0.879764204794942,1402.5025,1594.18,55.599019,0.0424512476371974,0.161,"08-DataTo2024","08-DataTo2024","08-DataTo2024","All","data/stepwise/models/08-DataTo2024/model_payload.rds",""
1973,0.86715651592551,1335.95,1540.61,137.36612,0.0342382294645506,0.133925,"08-DataTo2024","08-DataTo2024","08-DataTo2024","All","data/stepwise/models/08-DataTo2024/model_payload.rds",""
1974,0.859005259646876,1281.245,1491.545,44.09202,0.03656980355845,0.1434,"08-DataTo2024","08-DataTo2024","08-DataTo2024","All","data/stepwise/models/08-DataTo2024/model_payload.rds",""
1975,0.849564809664099,1263.785,1487.5675,163.971787,0.038151421942087,0.177575,"08-DataTo2024","08-DataTo2024","08-DataTo2024","All","data/stepwise/models/08-DataTo2024/model_payload.rds",""
1976,0.837994135848969,1265.39,1510.0225,57.322799,0.0373479343585345,0.1818,"08-DataTo2024","08-DataTo2024","08-DataTo2024","All","data/stepwise/models/08-DataTo2024/model_payload.rds",""
1977,0.829251011180977,1304.955,1573.655,162.8313112,0.047876915677083,0.20265,"08-DataTo2024","08-DataTo2024","08-DataTo2024","All","data/stepwise/models/08-DataTo2024/model_payload.rds",""
1978,0.824173550311207,1374.1425,1667.2975,16.6763503,0.0342801157515894,0.163575,"08-DataTo2024","08-DataTo2024","08-DataTo2024","All","data/stepwise/models/08-DataTo2024/model_payload.rds",""
1979,0.816500648679552,1392.45,1705.3875,65.520646,0.0560405580862436,0.201675,"08-DataTo2024","08-DataTo2024","08-DataTo2024","All","data/stepwise/models/08-DataTo2024/model_payload.rds",""
1980,0.806770743981243,1410.8,1748.7,103.24003,0.0478256805846548,0.202275,"08-DataTo2024","08-DataTo2024","08-DataTo2024","All","data/stepwise/models/08-DataTo2024/model_payload.rds",""
1981,0.795999468348041,1332.525,1674.0275,112.301172,0.0686283350905343,0.1934,"08-DataTo2024","08-DataTo2024","08-DataTo2024","All","data/stepwise/models/08-DataTo2024/model_payload.rds",""
1982,0.788653497808348,1283.295,1627.1975,128.028463,0.0679187630335895,0.230675,"08-DataTo2024","08-DataTo2024","08-DataTo2024","All","data/stepwise/models/08-DataTo2024/model_payload.rds",""
1983,0.779900146664336,1282.8675,1644.9125,100.187737,0.0792115315824923,0.235625,"08-DataTo2024","08-DataTo2024","08-DataTo2024","All","data/stepwise/models/08-DataTo2024/model_payload.rds",""
1984,0.769908596344433,1329.5975,1726.955,84.510633,0.0892842272343406,0.2585,"08-DataTo2024","08-DataTo2024","08-DataTo2024","All","data/stepwise/models/08-DataTo2024/model_payload.rds",""
1985,0.751281897361658,1345.3975,1790.8025,161.823943,0.0954469537699706,0.2658,"08-DataTo2024","08-DataTo2024","08-DataTo2024","All","data/stepwise/models/08-DataTo2024/model_payload.rds",""
1986,0.73253973137618,1309.51,1787.63,61.074386,0.0911469444404807,0.2388,"08-DataTo2024","08-DataTo2024","08-DataTo2024","All","data/stepwise/models/08-DataTo2024/model_payload.rds",""
1987,0.721098723646309,1337.42,1854.6975,148.429991,0.101508809903317,0.3049,"08-DataTo2024","08-DataTo2024","08-DataTo2024","All","data/stepwise/models/08-DataTo2024/model_payload.rds",""
1988,0.707027193403333,1366.7525,1933.0975,162.160995,0.0883872054121465,0.269825,"08-DataTo2024","08-DataTo2024","08-DataTo2024","All","data/stepwise/models/08-DataTo2024/model_payload.rds",""
1989,0.693849781123198,1344.8925,1938.305,98.9912245,0.105690989872679,0.270025,"08-DataTo2024","08-DataTo2024","08-DataTo2024","All","data/stepwise/models/08-DataTo2024/model_payload.rds",""
1990,0.686306289825909,1406.885,2049.9375,133.915357,0.118272178535199,0.3324,"08-DataTo2024","08-DataTo2024","08-DataTo2024","All","data/stepwise/models/08-DataTo2024/model_payload.rds",""
1991,0.677548593363882,1444.2575,2131.5925,90.8993952,0.14452364421127,0.300675,"08-DataTo2024","08-DataTo2024","08-DataTo2024","All","data/stepwise/models/08-DataTo2024/model_payload.rds",""
1992,0.662139097457833,1433.455,2164.885,170.103363,0.166950476668915,0.371475,"08-DataTo2024","08-DataTo2024","08-DataTo2024","All","data/stepwise/models/08-DataTo2024/model_payload.rds",""
1993,0.643123175364002,1390.04,2161.39,68.308455,0.12110216907343,0.321725,"08-DataTo2024","08-DataTo2024","08-DataTo2024","All","data/stepwise/models/08-DataTo2024/model_payload.rds",""
1994,0.623253541991459,1365.24,2190.505,158.271466,0.143333220199751,0.37615,"08-DataTo2024","08-DataTo2024","08-DataTo2024","All","data/stepwise/models/08-DataTo2024/model_payload.rds",""
1995,0.60537723272593,1344.1675,2220.38,88.389097,0.121622547448516,0.336825,"08-DataTo2024","08-DataTo2024","08-DataTo2024","All","data/stepwise/models/08-DataTo2024/model_payload.rds",""
1996,0.594514632336039,1299.6075,2185.9975,175.147484,0.1421553570522,0.317325,"08-DataTo2024","08-DataTo2024","08-DataTo2024","All","data/stepwise/models/08-DataTo2024/model_payload.rds",""
1997,0.600598842535696,1343.93,2237.65,76.182746,0.162061903347598,0.39885,"08-DataTo2024","08-DataTo2024","08-DataTo2024","All","data/stepwise/models/08-DataTo2024/model_payload.rds",""
1998,0.590239904164434,1357.4175,2299.7725,148.018759,0.204927634278023,0.470075,"08-DataTo2024","08-DataTo2024","08-DataTo2024","All","data/stepwise/models/08-DataTo2024/model_payload.rds",""
1999,0.57441364743132,1335.2475,2324.54,102.965482,0.259759556903381,0.514575,"08-DataTo2024","08-DataTo2024","08-DataTo2024","All","data/stepwise/models/08-DataTo2024/model_payload.rds",""
2000,0.545442029547672,1247.97,2287.9975,184.228651,0.223760212920534,0.496875,"08-DataTo2024","08-DataTo2024","08-DataTo2024","All","data/stepwise/models/08-DataTo2024/model_payload.rds",""
2001,0.52132562927542,1177.44,2258.55,98.100753,0.17462848534299,0.4302,"08-DataTo2024","08-DataTo2024","08-DataTo2024","All","data/stepwise/models/08-DataTo2024/model_payload.rds",""
2002,0.504814920420965,1168.485,2314.68,139.297664,0.174929178293213,0.533725,"08-DataTo2024","08-DataTo2024","08-DataTo2024","All","data/stepwise/models/08-DataTo2024/model_payload.rds",""
2003,0.492528456656871,1174.4575,2384.5475,88.83757,0.238149523027893,0.487525,"08-DataTo2024","08-DataTo2024","08-DataTo2024","All","data/stepwise/models/08-DataTo2024/model_payload.rds",""
2004,0.482365256407455,1158.9175,2402.5725,172.742284,0.232843663145942,0.67615,"08-DataTo2024","08-DataTo2024","08-DataTo2024","All","data/stepwise/models/08-DataTo2024/model_payload.rds",""
2005,0.465779080540457,1104.77325,2371.8825,103.48737,0.207195834130223,0.534075,"08-DataTo2024","08-DataTo2024","08-DataTo2024","All","data/stepwise/models/08-DataTo2024/model_payload.rds",""
2006,0.454792692896221,1084.83975,2385.35,90.240177,0.23221198735838,0.576925,"08-DataTo2024","08-DataTo2024","08-DataTo2024","All","data/stepwise/models/08-DataTo2024/model_payload.rds",""
2007,0.446463272344025,1078.105,2414.7675,127.116209,0.255455817974417,0.595,"08-DataTo2024","08-DataTo2024","08-DataTo2024","All","data/stepwise/models/08-DataTo2024/model_payload.rds",""
2008,0.431684105368316,1026.275,2377.375,107.128381,0.306240406819643,0.641125,"08-DataTo2024","08-DataTo2024","08-DataTo2024","All","data/stepwise/models/08-DataTo2024/model_payload.rds",""
2009,0.415222158771379,956.15075,2302.745,123.157112,0.22549675920693,0.659125,"08-DataTo2024","08-DataTo2024","08-DataTo2024","All","data/stepwise/models/08-DataTo2024/model_payload.rds",""
2010,0.398483798542007,898.50625,2254.8125,90.402433,0.209020409905703,0.547325,"08-DataTo2024","08-DataTo2024","08-DataTo2024","All","data/stepwise/models/08-DataTo2024/model_payload.rds",""
2011,0.393265310199253,885.895,2252.665,95.743234,0.25214509895738,0.6863,"08-DataTo2024","08-DataTo2024","08-DataTo2024","All","data/stepwise/models/08-DataTo2024/model_payload.rds",""
2012,0.386621429620733,861.92125,2229.3675,163.647144,0.228469276304529,0.70695,"08-DataTo2024","08-DataTo2024","08-DataTo2024","All","data/stepwise/models/08-DataTo2024/model_payload.rds",""
2013,0.378454789150549,820.60825,2168.3125,140.612077,0.226602072002461,0.6398,"08-DataTo2024","08-DataTo2024","08-DataTo2024","All","data/stepwise/models/08-DataTo2024/model_payload.rds",""
2014,0.383054752671803,837.9045,2187.4275,82.113325,0.278256265495311,0.682975,"08-DataTo2024","08-DataTo2024","08-DataTo2024","All","data/stepwise/models/08-DataTo2024/model_payload.rds",""
2015,0.391497286646636,897.0945,2291.445,103.091363,0.302059819198352,0.6089,"08-DataTo2024","08-DataTo2024","08-DataTo2024","All","data/stepwise/models/08-DataTo2024/model_payload.rds",""
2016,0.391681914581715,915.11975,2336.385,139.407647,0.42436551462719,0.64035,"08-DataTo2024","08-DataTo2024","08-DataTo2024","All","data/stepwise/models/08-DataTo2024/model_payload.rds",""
2017,0.386932397027031,886.84325,2291.985,120.488637,0.20426403598279,0.5442,"08-DataTo2024","08-DataTo2024","08-DataTo2024","All","data/stepwise/models/08-DataTo2024/model_payload.rds",""
2018,0.380928825992793,860.962,2260.165,97.009861,0.247598983883989,0.634425,"08-DataTo2024","08-DataTo2024","08-DataTo2024","All","data/stepwise/models/08-DataTo2024/model_payload.rds",""
2019,0.379017762810354,860.97675,2271.6,98.246417,0.239262425872734,0.550525,"08-DataTo2024","08-DataTo2024","08-DataTo2024","All","data/stepwise/models/08-DataTo2024/model_payload.rds",""
2020,0.386276473595089,882.2545,2283.9975,114.546567,0.35903317717339,0.5976,"08-DataTo2024","08-DataTo2024","08-DataTo2024","All","data/stepwise/models/08-DataTo2024/model_payload.rds",""
2021,0.39053738058579,880.158,2253.71,96.457652,0.304194052499086,0.58845,"08-DataTo2024","08-DataTo2024","08-DataTo2024","All","data/stepwise/models/08-DataTo2024/model_payload.rds",""
2022,0.388106858901051,855.21675,2203.56,105.432494,0.341162782843007,0.63305,"08-DataTo2024","08-DataTo2024","08-DataTo2024","All","data/stepwise/models/08-DataTo2024/model_payload.rds",""
2023,0.381019987033177,819.81975,2151.645,147.6444736,0.374507316917074,0.636675,"08-DataTo2024","08-DataTo2024","08-DataTo2024","All","data/stepwise/models/08-DataTo2024/model_payload.rds",""
2024,0.369711863610746,787.1905,2129.2,111.063274,0.327077571111227,0.640525,"08-DataTo2024","08-DataTo2024","08-DataTo2024","All","data/stepwise/models/08-DataTo2024/model_payload.rds",""
1952,0.997394357019516,3061.3025,3069.3,184.029344,0.00536538116925056,0.041055,"09-SizeDataQC","09-SizeDataQC","09-SizeDataQC","All","data/stepwise/models/09-SizeDataQC/model_payload.rds",""
1953,0.988961363178478,3104.7725,3139.4275,54.6401923,0.00597979402099842,0.039055,"09-SizeDataQC","09-SizeDataQC","09-SizeDataQC","All","data/stepwise/models/09-SizeDataQC/model_payload.rds",""
1954,0.983319196838024,3135.9475,3189.145,212.564041,0.00364044267554542,0.0275225,"09-SizeDataQC","09-SizeDataQC","09-SizeDataQC","All","data/stepwise/models/09-SizeDataQC/model_payload.rds",""
1955,0.977808417985536,3068.9275,3138.5775,202.897086,0.00539087145635315,0.0465875,"09-SizeDataQC","09-SizeDataQC","09-SizeDataQC","All","data/stepwise/models/09-SizeDataQC/model_payload.rds",""
1956,0.97075586800626,2941.8975,3030.5225,104.338614,0.00741827266290943,0.0498575,"09-SizeDataQC","09-SizeDataQC","09-SizeDataQC","All","data/stepwise/models/09-SizeDataQC/model_payload.rds",""
1957,0.964641005367799,3007.4275,3117.665,97.347344,0.0101980912937219,0.06903,"09-SizeDataQC","09-SizeDataQC","09-SizeDataQC","All","data/stepwise/models/09-SizeDataQC/model_payload.rds",""
1958,0.953092756208935,2924.72,3068.6625,156.247598,0.0123798759366403,0.10069,"09-SizeDataQC","09-SizeDataQC","09-SizeDataQC","All","data/stepwise/models/09-SizeDataQC/model_payload.rds",""
1959,0.93840413287948,2686.5525,2862.895,40.2479016,0.0111452261819994,0.09271,"09-SizeDataQC","09-SizeDataQC","09-SizeDataQC","All","data/stepwise/models/09-SizeDataQC/model_payload.rds",""
1960,0.926663114665208,2456.665,2651.0875,83.098877,0.0131365995547777,0.0999775,"09-SizeDataQC","09-SizeDataQC","09-SizeDataQC","All","data/stepwise/models/09-SizeDataQC/model_payload.rds",""
1961,0.917796917796918,2294.49,2499.9975,97.8876008,0.0108932427069591,0.10343,"09-SizeDataQC","09-SizeDataQC","09-SizeDataQC","All","data/stepwise/models/09-SizeDataQC/model_payload.rds",""
1962,0.908714902690295,2088.295,2298.075,88.957602,0.0105625409564217,0.1011975,"09-SizeDataQC","09-SizeDataQC","09-SizeDataQC","All","data/stepwise/models/09-SizeDataQC/model_payload.rds",""
1963,0.901631826346161,1946.4225,2158.7775,77.754015,0.0137261521569915,0.13004,"09-SizeDataQC","09-SizeDataQC","09-SizeDataQC","All","data/stepwise/models/09-SizeDataQC/model_payload.rds",""
1964,0.893638958999106,1809.2525,2024.59,90.2102364,0.00957989594809308,0.0991975,"09-SizeDataQC","09-SizeDataQC","09-SizeDataQC","All","data/stepwise/models/09-SizeDataQC/model_payload.rds",""
1965,0.893818082434244,1716.9575,1920.925,73.298112,0.0106542153311178,0.096975,"09-SizeDataQC","09-SizeDataQC","09-SizeDataQC","All","data/stepwise/models/09-SizeDataQC/model_payload.rds",""
1966,0.893182529636737,1640.62,1836.825,112.961983,0.0103108314504883,0.10968,"09-SizeDataQC","09-SizeDataQC","09-SizeDataQC","All","data/stepwise/models/09-SizeDataQC/model_payload.rds",""
1967,0.88859580668477,1542.9,1736.335,74.068559,0.0129828786026358,0.11755,"09-SizeDataQC","09-SizeDataQC","09-SizeDataQC","All","data/stepwise/models/09-SizeDataQC/model_payload.rds",""
1968,0.886727550387831,1466.1375,1653.425,59.8785396,0.0113264997951526,0.094965,"09-SizeDataQC","09-SizeDataQC","09-SizeDataQC","All","data/stepwise/models/09-SizeDataQC/model_payload.rds",""
1969,0.888904968426321,1474.18,1658.4225,104.359461,0.0135131386329796,0.122625,"09-SizeDataQC","09-SizeDataQC","09-SizeDataQC","All","data/stepwise/models/09-SizeDataQC/model_payload.rds",""
1970,0.886070622144505,1426.4275,1609.835,78.1072641,0.0284177543150704,0.1151075,"09-SizeDataQC","09-SizeDataQC","09-SizeDataQC","All","data/stepwise/models/09-SizeDataQC/model_payload.rds",""
1971,0.884086918806107,1380.9725,1562.0325,79.511891,0.0310898970229715,0.1161575,"09-SizeDataQC","09-SizeDataQC","09-SizeDataQC","All","data/stepwise/models/09-SizeDataQC/model_payload.rds",""
1972,0.87918025728571,1383.4275,1573.5425,54.146402,0.0454188987106687,0.162175,"09-SizeDataQC","09-SizeDataQC","09-SizeDataQC","All","data/stepwise/models/09-SizeDataQC/model_payload.rds",""
1973,0.865931963216607,1316.905,1520.795,136.675936,0.0374167069446628,0.134925,"09-SizeDataQC","09-SizeDataQC","09-SizeDataQC","All","data/stepwise/models/09-SizeDataQC/model_payload.rds",""
1974,0.857030837617514,1262.37,1472.9575,42.846785,0.041668852744938,0.1444,"09-SizeDataQC","09-SizeDataQC","09-SizeDataQC","All","data/stepwise/models/09-SizeDataQC/model_payload.rds",""
1975,0.846988613842016,1244.69,1469.5475,163.380398,0.0417595251375668,0.178675,"09-SizeDataQC","09-SizeDataQC","09-SizeDataQC","All","data/stepwise/models/09-SizeDataQC/model_payload.rds",""
1976,0.834978864683773,1247.4125,1493.945,55.659228,0.0409552066914448,0.182575,"09-SizeDataQC","09-SizeDataQC","09-SizeDataQC","All","data/stepwise/models/09-SizeDataQC/model_payload.rds",""
1977,0.825922526514078,1289.04,1560.7275,162.4463305,0.0515600761815997,0.2034,"09-SizeDataQC","09-SizeDataQC","09-SizeDataQC","All","data/stepwise/models/09-SizeDataQC/model_payload.rds",""
1978,0.820718761796905,1358.8025,1655.625,16.1403389,0.0362345551214666,0.164125,"09-SizeDataQC","09-SizeDataQC","09-SizeDataQC","All","data/stepwise/models/09-SizeDataQC/model_payload.rds",""
1979,0.812761330339254,1377.1875,1694.455,63.691462,0.0610262756221287,0.20195,"09-SizeDataQC","09-SizeDataQC","09-SizeDataQC","All","data/stepwise/models/09-SizeDataQC/model_payload.rds",""
1980,0.80303661881134,1396.6975,1739.27,102.313077,0.0548971378725623,0.203175,"09-SizeDataQC","09-SizeDataQC","09-SizeDataQC","All","data/stepwise/models/09-SizeDataQC/model_payload.rds",""
1981,0.791867563559545,1317.5825,1663.8925,115.681118,0.0717483835207297,0.194325,"09-SizeDataQC","09-SizeDataQC","09-SizeDataQC","All","data/stepwise/models/09-SizeDataQC/model_payload.rds",""
1982,0.783981786736033,1268.0925,1617.5025,130.537944,0.0672696636551371,0.231825,"09-SizeDataQC","09-SizeDataQC","09-SizeDataQC","All","data/stepwise/models/09-SizeDataQC/model_payload.rds",""
1983,0.774893811351532,1268.3675,1636.8275,91.502606,0.0877007006121183,0.23735,"09-SizeDataQC","09-SizeDataQC","09-SizeDataQC","All","data/stepwise/models/09-SizeDataQC/model_payload.rds",""
1984,0.764736097691582,1313.8625,1718.06,83.358491,0.0929562079857695,0.261075,"09-SizeDataQC","09-SizeDataQC","09-SizeDataQC","All","data/stepwise/models/09-SizeDataQC/model_payload.rds",""
1985,0.746109916566236,1326.4025,1777.7575,161.292445,0.0948813411948934,0.268175,"09-SizeDataQC","09-SizeDataQC","09-SizeDataQC","All","data/stepwise/models/09-SizeDataQC/model_payload.rds",""
1986,0.726578708095585,1290.56,1776.215,56.657719,0.0946419660650523,0.2403,"09-SizeDataQC","09-SizeDataQC","09-SizeDataQC","All","data/stepwise/models/09-SizeDataQC/model_payload.rds",""
1987,0.715649452057207,1320.9225,1845.7675,145.19956,0.104399122717737,0.306775,"09-SizeDataQC","09-SizeDataQC","09-SizeDataQC","All","data/stepwise/models/09-SizeDataQC/model_payload.rds",""
1988,0.702095683827353,1350.13,1923,153.807794,0.0904444175414702,0.272325,"09-SizeDataQC","09-SizeDataQC","09-SizeDataQC","All","data/stepwise/models/09-SizeDataQC/model_payload.rds",""
1989,0.688924912328063,1327.0175,1926.215,103.445964,0.106705761006662,0.272625,"09-SizeDataQC","09-SizeDataQC","09-SizeDataQC","All","data/stepwise/models/09-SizeDataQC/model_payload.rds",""
1990,0.681351908893096,1386.3825,2034.7525,137.937886,0.120074445176041,0.335375,"09-SizeDataQC","09-SizeDataQC","09-SizeDataQC","All","data/stepwise/models/09-SizeDataQC/model_payload.rds",""
1991,0.672833325255085,1422.8625,2114.7325,84.928714,0.157005862264831,0.303075,"09-SizeDataQC","09-SizeDataQC","09-SizeDataQC","All","data/stepwise/models/09-SizeDataQC/model_payload.rds",""
1992,0.658072804242163,1413.825,2148.4325,172.776298,0.16738039893966,0.374425,"09-SizeDataQC","09-SizeDataQC","09-SizeDataQC","All","data/stepwise/models/09-SizeDataQC/model_payload.rds",""
1993,0.638140404658292,1371.82,2149.715,66.816328,0.121228768884858,0.323525,"09-SizeDataQC","09-SizeDataQC","09-SizeDataQC","All","data/stepwise/models/09-SizeDataQC/model_payload.rds",""
1994,0.617598525058545,1348.3025,2183.1375,156.37129,0.150458494167271,0.377825,"09-SizeDataQC","09-SizeDataQC","09-SizeDataQC","All","data/stepwise/models/09-SizeDataQC/model_payload.rds",""
1995,0.600462944666821,1329.4775,2214.0875,86.977638,0.126824442364221,0.338925,"09-SizeDataQC","09-SizeDataQC","09-SizeDataQC","All","data/stepwise/models/09-SizeDataQC/model_payload.rds",""
1996,0.589772809430526,1284.795,2178.4575,172.359586,0.143851604343674,0.3194,"09-SizeDataQC","09-SizeDataQC","09-SizeDataQC","All","data/stepwise/models/09-SizeDataQC/model_payload.rds",""
1997,0.595602069350603,1328.005,2229.685,76.303116,0.165257431543407,0.4017,"09-SizeDataQC","09-SizeDataQC","09-SizeDataQC","All","data/stepwise/models/09-SizeDataQC/model_payload.rds",""
1998,0.585135812007503,1340.5125,2290.9425,143.715465,0.207696612588302,0.474425,"09-SizeDataQC","09-SizeDataQC","09-SizeDataQC","All","data/stepwise/models/09-SizeDataQC/model_payload.rds",""
1999,0.568842600398611,1315.75,2313.03,97.529275,0.259081416626402,0.521075,"09-SizeDataQC","09-SizeDataQC","09-SizeDataQC","All","data/stepwise/models/09-SizeDataQC/model_payload.rds",""
2000,0.539429457330247,1226.5075,2273.7125,188.17387,0.22690973675671,0.5011,"09-SizeDataQC","09-SizeDataQC","09-SizeDataQC","All","data/stepwise/models/09-SizeDataQC/model_payload.rds",""
2001,0.515684183429559,1156.8975,2243.4225,95.170413,0.178085116890862,0.4337,"09-SizeDataQC","09-SizeDataQC","09-SizeDataQC","All","data/stepwise/models/09-SizeDataQC/model_payload.rds",""
2002,0.49987891345733,1150.7575,2302.0725,138.412403,0.176941658968196,0.5378,"09-SizeDataQC","09-SizeDataQC","09-SizeDataQC","All","data/stepwise/models/09-SizeDataQC/model_payload.rds",""
2003,0.487739139959808,1157.7025,2373.61,93.778076,0.251341230914726,0.491475,"09-SizeDataQC","09-SizeDataQC","09-SizeDataQC","All","data/stepwise/models/09-SizeDataQC/model_payload.rds",""
2004,0.477730521065356,1142.6275,2391.7825,168.35023,0.233177164389565,0.681075,"09-SizeDataQC","09-SizeDataQC","09-SizeDataQC","All","data/stepwise/models/09-SizeDataQC/model_payload.rds",""
2005,0.461242181824343,1088.8475,2360.685,98.6639,0.214299800879012,0.5369,"09-SizeDataQC","09-SizeDataQC","09-SizeDataQC","All","data/stepwise/models/09-SizeDataQC/model_payload.rds",""
2006,0.450141374574852,1071.02925,2379.3175,99.163357,0.233602632007442,0.5796,"09-SizeDataQC","09-SizeDataQC","09-SizeDataQC","All","data/stepwise/models/09-SizeDataQC/model_payload.rds",""
2007,0.442142679865958,1064.4375,2407.4525,120.581195,0.257800281434144,0.59965,"09-SizeDataQC","09-SizeDataQC","09-SizeDataQC","All","data/stepwise/models/09-SizeDataQC/model_payload.rds",""
2008,0.428074111403263,1015.09,2371.295,105.152137,0.32534695545024,0.64465,"09-SizeDataQC","09-SizeDataQC","09-SizeDataQC","All","data/stepwise/models/09-SizeDataQC/model_payload.rds",""
2009,0.411747107229424,946.1825,2297.97,123.931075,0.23177402890868,0.663375,"09-SizeDataQC","09-SizeDataQC","09-SizeDataQC","All","data/stepwise/models/09-SizeDataQC/model_payload.rds",""
2010,0.393800723346972,887.12375,2252.7225,90.059744,0.212227629002348,0.551925,"09-SizeDataQC","09-SizeDataQC","09-SizeDataQC","All","data/stepwise/models/09-SizeDataQC/model_payload.rds",""
2011,0.387763497114383,873.12125,2251.685,94.915363,0.25537021824656,0.691925,"09-SizeDataQC","09-SizeDataQC","09-SizeDataQC","All","data/stepwise/models/09-SizeDataQC/model_payload.rds",""
2012,0.381073349032525,849.16575,2228.3525,161.343852,0.233676286626325,0.7125,"09-SizeDataQC","09-SizeDataQC","09-SizeDataQC","All","data/stepwise/models/09-SizeDataQC/model_payload.rds",""
2013,0.37330720699531,809.44575,2168.31,143.957867,0.222133063246518,0.643625,"09-SizeDataQC","09-SizeDataQC","09-SizeDataQC","All","data/stepwise/models/09-SizeDataQC/model_payload.rds",""
2014,0.378300983519648,827.74525,2188.06,76.192283,0.271160915041212,0.683175,"09-SizeDataQC","09-SizeDataQC","09-SizeDataQC","All","data/stepwise/models/09-SizeDataQC/model_payload.rds",""
2015,0.387946940216231,890.249,2294.77,103.214768,0.325922602192805,0.6086,"09-SizeDataQC","09-SizeDataQC","09-SizeDataQC","All","data/stepwise/models/09-SizeDataQC/model_payload.rds",""
2016,0.389352021941029,911.403,2340.82,139.425336,0.415185270312947,0.64235,"09-SizeDataQC","09-SizeDataQC","09-SizeDataQC","All","data/stepwise/models/09-SizeDataQC/model_payload.rds",""
2017,0.384439478129542,880.747,2290.99,119.098068,0.203689744810675,0.54685,"09-SizeDataQC","09-SizeDataQC","09-SizeDataQC","All","data/stepwise/models/09-SizeDataQC/model_payload.rds",""
2018,0.377665472119354,852.57225,2257.48,95.335184,0.24600860091415,0.63685,"09-SizeDataQC","09-SizeDataQC","09-SizeDataQC","All","data/stepwise/models/09-SizeDataQC/model_payload.rds",""
2019,0.376042361739659,853.7835,2270.445,95.89086,0.242071302078564,0.55335,"09-SizeDataQC","09-SizeDataQC","09-SizeDataQC","All","data/stepwise/models/09-SizeDataQC/model_payload.rds",""
2020,0.383663155818108,875.14525,2281.025,114.404131,0.360831257396785,0.60225,"09-SizeDataQC","09-SizeDataQC","09-SizeDataQC","All","data/stepwise/models/09-SizeDataQC/model_payload.rds",""
2021,0.387459151918677,869.98625,2245.3625,98.12392,0.306821830447979,0.595175,"09-SizeDataQC","09-SizeDataQC","09-SizeDataQC","All","data/stepwise/models/09-SizeDataQC/model_payload.rds",""
2022,0.383927981047884,841.91375,2192.895,100.003564,0.341063528501769,0.63905,"09-SizeDataQC","09-SizeDataQC","09-SizeDataQC","All","data/stepwise/models/09-SizeDataQC/model_payload.rds",""
2023,0.376750128999269,806.80475,2141.485,153.1227266,0.369935556243929,0.64185,"09-SizeDataQC","09-SizeDataQC","09-SizeDataQC","All","data/stepwise/models/09-SizeDataQC/model_payload.rds",""
2024,0.365797728068387,775.814,2120.8825,109.813,0.318618024460195,0.639225,"09-SizeDataQC","09-SizeDataQC","09-SizeDataQC","All","data/stepwise/models/09-SizeDataQC/model_payload.rds",""
1952,0.996582232561044,2314.485,2322.4225,139.736208,0.00721248098265538,0.055435,"10-RegionalCPUE","10-RegionalCPUE","10-RegionalCPUE","All","data/stepwise/models/10-RegionalCPUE/model_payload.rds",""
1953,0.985327168885391,2341.1275,2375.99,43.1728414,0.00807229678674678,0.0529575,"10-RegionalCPUE","10-RegionalCPUE","10-RegionalCPUE","All","data/stepwise/models/10-RegionalCPUE/model_payload.rds",""
1954,0.97790495245966,2360.665,2414.0025,185.071318,0.0042952623345229,0.03615,"10-RegionalCPUE","10-RegionalCPUE","10-RegionalCPUE","All","data/stepwise/models/10-RegionalCPUE/model_payload.rds",""
1955,0.971011205892866,2322.7025,2392.045,182.545574,0.00616446800518863,0.0577025,"10-RegionalCPUE","10-RegionalCPUE","10-RegionalCPUE","All","data/stepwise/models/10-RegionalCPUE/model_payload.rds",""
1956,0.963451611026136,2317.9875,2405.92,96.155762,0.00897347473079327,0.06282,"10-RegionalCPUE","10-RegionalCPUE","10-RegionalCPUE","All","data/stepwise/models/10-RegionalCPUE/model_payload.rds",""
1957,0.95629941924451,2400.4,2510.0925,75.7298173,0.0127419329849724,0.087105,"10-RegionalCPUE","10-RegionalCPUE","10-RegionalCPUE","All","data/stepwise/models/10-RegionalCPUE/model_payload.rds",""
1958,0.942253670908427,2347.9925,2491.89,135.5088786,0.0156258761191428,0.1274975,"10-RegionalCPUE","10-RegionalCPUE","10-RegionalCPUE","All","data/stepwise/models/10-RegionalCPUE/model_payload.rds",""
1959,0.9244402756386,2168.24,2345.4625,42.4806361,0.0130606693456606,0.1172875,"10-RegionalCPUE","10-RegionalCPUE","10-RegionalCPUE","All","data/stepwise/models/10-RegionalCPUE/model_payload.rds",""
1960,0.910057303064558,1978.435,2173.9675,78.5598356,0.0149485946650661,0.122815,"10-RegionalCPUE","10-RegionalCPUE","10-RegionalCPUE","All","data/stepwise/models/10-RegionalCPUE/model_payload.rds",""
1961,0.900536957242294,1867.8825,2074.1875,85.094152,0.0125105169165983,0.1249775,"10-RegionalCPUE","10-RegionalCPUE","10-RegionalCPUE","All","data/stepwise/models/10-RegionalCPUE/model_payload.rds",""
1962,0.891739267830854,1735.445,1946.135,89.4227067,0.0115679267912079,0.1191875,"10-RegionalCPUE","10-RegionalCPUE","10-RegionalCPUE","All","data/stepwise/models/10-RegionalCPUE/model_payload.rds",""
1963,0.885123604336919,1644.1525,1857.54,74.6657107,0.0149343382458274,0.150235,"10-RegionalCPUE","10-RegionalCPUE","10-RegionalCPUE","All","data/stepwise/models/10-RegionalCPUE/model_payload.rds",""
1964,0.878002442091862,1558.5575,1775.1175,91.1788745,0.010065779842925,0.111625,"10-RegionalCPUE","10-RegionalCPUE","10-RegionalCPUE","All","data/stepwise/models/10-RegionalCPUE/model_payload.rds",""
1965,0.88079269662026,1519.81,1725.5025,72.7655299,0.0110380398719828,0.10699,"10-RegionalCPUE","10-RegionalCPUE","10-RegionalCPUE","All","data/stepwise/models/10-RegionalCPUE/model_payload.rds",""
1966,0.882406302573946,1488.2775,1686.6125,113.8164148,0.0107193061806535,0.1191675,"10-RegionalCPUE","10-RegionalCPUE","10-RegionalCPUE","All","data/stepwise/models/10-RegionalCPUE/model_payload.rds",""
1967,0.879531494269852,1429.01,1624.74,75.4368158,0.0133353629004863,0.1260975,"10-RegionalCPUE","10-RegionalCPUE","10-RegionalCPUE","All","data/stepwise/models/10-RegionalCPUE/model_payload.rds",""
1968,0.878725408788963,1375.7325,1565.6,53.5298176,0.011769755332374,0.1018325,"10-RegionalCPUE","10-RegionalCPUE","10-RegionalCPUE","All","data/stepwise/models/10-RegionalCPUE/model_payload.rds",""
1969,0.881911146406812,1396.46,1583.4475,94.196126,0.0143654354944305,0.1307775,"10-RegionalCPUE","10-RegionalCPUE","10-RegionalCPUE","All","data/stepwise/models/10-RegionalCPUE/model_payload.rds",""
1970,0.879728870044273,1362.115,1548.335,79.7413523,0.0298033727243208,0.124975,"10-RegionalCPUE","10-RegionalCPUE","10-RegionalCPUE","All","data/stepwise/models/10-RegionalCPUE/model_payload.rds",""
1971,0.877084063485706,1313.85,1497.975,71.4323871,0.0281345966616738,0.12674,"10-RegionalCPUE","10-RegionalCPUE","10-RegionalCPUE","All","data/stepwise/models/10-RegionalCPUE/model_payload.rds",""
1972,0.871026118312869,1304.3725,1497.5125,53.79417,0.0401885042622658,0.17705,"10-RegionalCPUE","10-RegionalCPUE","10-RegionalCPUE","All","data/stepwise/models/10-RegionalCPUE/model_payload.rds",""
1973,0.857268975676578,1245.3675,1452.715,133.185605,0.0339375882181133,0.1459,"10-RegionalCPUE","10-RegionalCPUE","10-RegionalCPUE","All","data/stepwise/models/10-RegionalCPUE/model_payload.rds",""
1974,0.848900919160133,1193.70325,1406.175,40.381344,0.0373182955037453,0.1553,"10-RegionalCPUE","10-RegionalCPUE","10-RegionalCPUE","All","data/stepwise/models/10-RegionalCPUE/model_payload.rds",""
1975,0.840328914635013,1182.25875,1406.9,156.599998,0.0410080135587644,0.193825,"10-RegionalCPUE","10-RegionalCPUE","10-RegionalCPUE","All","data/stepwise/models/10-RegionalCPUE/model_payload.rds",""
1976,0.828390752193448,1190.12,1436.665,62.490074,0.0396376942264712,0.1996,"10-RegionalCPUE","10-RegionalCPUE","10-RegionalCPUE","All","data/stepwise/models/10-RegionalCPUE/model_payload.rds",""
1977,0.817516501955975,1213.125,1483.915,138.7203123,0.0482312687739436,0.221775,"10-RegionalCPUE","10-RegionalCPUE","10-RegionalCPUE","All","data/stepwise/models/10-RegionalCPUE/model_payload.rds",""
1978,0.812615949574355,1277.93,1572.6125,17.4722783,0.0389236971418821,0.178125,"10-RegionalCPUE","10-RegionalCPUE","10-RegionalCPUE","All","data/stepwise/models/10-RegionalCPUE/model_payload.rds",""
1979,0.805145019384469,1299.025,1613.405,63.9122088,0.0691448212942695,0.22055,"10-RegionalCPUE","10-RegionalCPUE","10-RegionalCPUE","All","data/stepwise/models/10-RegionalCPUE/model_payload.rds",""
1980,0.794258598435958,1307.6475,1646.375,90.125836,0.0503346843823447,0.223175,"10-RegionalCPUE","10-RegionalCPUE","10-RegionalCPUE","All","data/stepwise/models/10-RegionalCPUE/model_payload.rds",""
1981,0.781358607783478,1227.53,1571.02,100.730752,0.0693539450236599,0.2146,"10-RegionalCPUE","10-RegionalCPUE","10-RegionalCPUE","All","data/stepwise/models/10-RegionalCPUE/model_payload.rds",""
1982,0.771387889614491,1175.6125,1524.0225,112.813455,0.0798405903962434,0.259375,"10-RegionalCPUE","10-RegionalCPUE","10-RegionalCPUE","All","data/stepwise/models/10-RegionalCPUE/model_payload.rds",""
1983,0.761224386854698,1169.5775,1536.4425,100.082035,0.0980881427585314,0.267,"10-RegionalCPUE","10-RegionalCPUE","10-RegionalCPUE","All","data/stepwise/models/10-RegionalCPUE/model_payload.rds",""
1984,0.748968402895503,1198.4,1600.0675,77.493271,0.10596150261032,0.2942,"10-RegionalCPUE","10-RegionalCPUE","10-RegionalCPUE","All","data/stepwise/models/10-RegionalCPUE/model_payload.rds",""
1985,0.726897892460595,1198.3675,1648.605,153.03782,0.101856380260831,0.3042,"10-RegionalCPUE","10-RegionalCPUE","10-RegionalCPUE","All","data/stepwise/models/10-RegionalCPUE/model_payload.rds",""
1986,0.705047574193177,1163.9225,1650.8425,60.338454,0.102697097403364,0.2714,"10-RegionalCPUE","10-RegionalCPUE","10-RegionalCPUE","All","data/stepwise/models/10-RegionalCPUE/model_payload.rds",""
1987,0.693028732582734,1191.8275,1719.7375,132.663063,0.125327031222062,0.3452,"10-RegionalCPUE","10-RegionalCPUE","10-RegionalCPUE","All","data/stepwise/models/10-RegionalCPUE/model_payload.rds",""
1988,0.680094510076442,1223.32,1798.75,141.236201,0.101416368220068,0.304875,"10-RegionalCPUE","10-RegionalCPUE","10-RegionalCPUE","All","data/stepwise/models/10-RegionalCPUE/model_payload.rds",""
1989,0.665426545935239,1206.8625,1813.6675,109.150843,0.107091126004137,0.30525,"10-RegionalCPUE","10-RegionalCPUE","10-RegionalCPUE","All","data/stepwise/models/10-RegionalCPUE/model_payload.rds",""
1990,0.655791612085027,1256.55575,1916.09,123.511855,0.146670227548585,0.375225,"10-RegionalCPUE","10-RegionalCPUE","10-RegionalCPUE","All","data/stepwise/models/10-RegionalCPUE/model_payload.rds",""
1991,0.647765336816523,1289.385,1990.5125,76.303925,0.173991445150369,0.339825,"10-RegionalCPUE","10-RegionalCPUE","10-RegionalCPUE","All","data/stepwise/models/10-RegionalCPUE/model_payload.rds",""
1992,0.632758945166,1286.0525,2032.4525,156.287974,0.190225467013949,0.423375,"10-RegionalCPUE","10-RegionalCPUE","10-RegionalCPUE","All","data/stepwise/models/10-RegionalCPUE/model_payload.rds",""
1993,0.610177989471045,1241.34,2034.39,65.643523,0.146332726178413,0.36795,"10-RegionalCPUE","10-RegionalCPUE","10-RegionalCPUE","All","data/stepwise/models/10-RegionalCPUE/model_payload.rds",""
1994,0.586625291412774,1208.4525,2060.0075,159.410934,0.152685528433622,0.424275,"10-RegionalCPUE","10-RegionalCPUE","10-RegionalCPUE","All","data/stepwise/models/10-RegionalCPUE/model_payload.rds",""
1995,0.569214885885685,1193.655,2097.02,83.4725974,0.132052111097724,0.378125,"10-RegionalCPUE","10-RegionalCPUE","10-RegionalCPUE","All","data/stepwise/models/10-RegionalCPUE/model_payload.rds",""
1996,0.558356809830138,1158.9575,2075.6575,155.549151,0.146852651790831,0.357625,"10-RegionalCPUE","10-RegionalCPUE","10-RegionalCPUE","All","data/stepwise/models/10-RegionalCPUE/model_payload.rds",""
1997,0.565908175097244,1204.2625,2128.0175,95.545668,0.170013456660624,0.45545,"10-RegionalCPUE","10-RegionalCPUE","10-RegionalCPUE","All","data/stepwise/models/10-RegionalCPUE/model_payload.rds",""
1998,0.554451378629517,1204.7175,2172.81,125.504075,0.208246865920752,0.535625,"10-RegionalCPUE","10-RegionalCPUE","10-RegionalCPUE","All","data/stepwise/models/10-RegionalCPUE/model_payload.rds",""
1999,0.537720766964289,1173.015,2181.4575,100.727651,0.313438968720968,0.581775,"10-RegionalCPUE","10-RegionalCPUE","10-RegionalCPUE","All","data/stepwise/models/10-RegionalCPUE/model_payload.rds",""
2000,0.513302232187367,1106.8875,2156.405,162.767786,0.240346199074096,0.557,"10-RegionalCPUE","10-RegionalCPUE","10-RegionalCPUE","All","data/stepwise/models/10-RegionalCPUE/model_payload.rds",""
2001,0.488315587870603,1048.54175,2147.2625,92.600495,0.202004452899529,0.48875,"10-RegionalCPUE","10-RegionalCPUE","10-RegionalCPUE","All","data/stepwise/models/10-RegionalCPUE/model_payload.rds",""
2002,0.4699856924524,1035.55825,2203.3825,128.219391,0.229480312156573,0.612025,"10-RegionalCPUE","10-RegionalCPUE","10-RegionalCPUE","All","data/stepwise/models/10-RegionalCPUE/model_payload.rds",""
2003,0.45442519775522,1028.1745,2262.5825,82.369937,0.275453222239834,0.56875,"10-RegionalCPUE","10-RegionalCPUE","10-RegionalCPUE","All","data/stepwise/models/10-RegionalCPUE/model_payload.rds",""
2004,0.439242105170505,998.0525,2272.215,162.555652,0.305257517472276,0.801625,"10-RegionalCPUE","10-RegionalCPUE","10-RegionalCPUE","All","data/stepwise/models/10-RegionalCPUE/model_payload.rds",""
2005,0.419036940184572,936.61775,2235.1675,98.426245,0.266907259674317,0.63945,"10-RegionalCPUE","10-RegionalCPUE","10-RegionalCPUE","All","data/stepwise/models/10-RegionalCPUE/model_payload.rds",""
2006,0.404412152942159,907.62725,2244.3125,87.269232,0.298538824485781,0.69385,"10-RegionalCPUE","10-RegionalCPUE","10-RegionalCPUE","All","data/stepwise/models/10-RegionalCPUE/model_payload.rds",""
2007,0.393098523466339,894.535,2275.6,114.926094,0.331950791326843,0.71975,"10-RegionalCPUE","10-RegionalCPUE","10-RegionalCPUE","All","data/stepwise/models/10-RegionalCPUE/model_payload.rds",""
2008,0.376621803080425,847.0375,2249.04,104.153289,0.417887149336233,0.781325,"10-RegionalCPUE","10-RegionalCPUE","10-RegionalCPUE","All","data/stepwise/models/10-RegionalCPUE/model_payload.rds",""
2009,0.358506335816012,782.06275,2181.4475,112.869443,0.288887412156227,0.809925,"10-RegionalCPUE","10-RegionalCPUE","10-RegionalCPUE","All","data/stepwise/models/10-RegionalCPUE/model_payload.rds",""
2010,0.337027372705715,722.007,2142.28,85.758081,0.25608685891445,0.67785,"10-RegionalCPUE","10-RegionalCPUE","10-RegionalCPUE","All","data/stepwise/models/10-RegionalCPUE/model_payload.rds",""
2011,0.328545965889672,704.13725,2143.1925,94.079554,0.322637628883081,0.850525,"10-RegionalCPUE","10-RegionalCPUE","10-RegionalCPUE","All","data/stepwise/models/10-RegionalCPUE/model_payload.rds",""
2012,0.321172367260571,681.88025,2123.0975,149.686496,0.28138924789883,0.869225,"10-RegionalCPUE","10-RegionalCPUE","10-RegionalCPUE","All","data/stepwise/models/10-RegionalCPUE/model_payload.rds",""
2013,0.314444345236659,651.51925,2071.97,133.4647491,0.271758717870381,0.7811,"10-RegionalCPUE","10-RegionalCPUE","10-RegionalCPUE","All","data/stepwise/models/10-RegionalCPUE/model_payload.rds",""
2014,0.320045108911929,671.53625,2098.255,72.546629,0.313049504291372,0.8272,"10-RegionalCPUE","10-RegionalCPUE","10-RegionalCPUE","All","data/stepwise/models/10-RegionalCPUE/model_payload.rds",""
2015,0.32931195849216,724.8255,2201.03,97.38141,0.350250501218451,0.7418,"10-RegionalCPUE","10-RegionalCPUE","10-RegionalCPUE","All","data/stepwise/models/10-RegionalCPUE/model_payload.rds",""
2016,0.331240151521896,744.14425,2246.54,124.459634,0.444103829604323,0.78515,"10-RegionalCPUE","10-RegionalCPUE","10-RegionalCPUE","All","data/stepwise/models/10-RegionalCPUE/model_payload.rds",""
2017,0.327375042769242,719.99675,2199.3025,105.9174398,0.247751679090451,0.671675,"10-RegionalCPUE","10-RegionalCPUE","10-RegionalCPUE","All","data/stepwise/models/10-RegionalCPUE/model_payload.rds",""
2018,0.320552520785097,693.61475,2163.81,89.8837531,0.299058758839606,0.794625,"10-RegionalCPUE","10-RegionalCPUE","10-RegionalCPUE","All","data/stepwise/models/10-RegionalCPUE/model_payload.rds",""
2019,0.315917723388506,681.816,2158.2075,92.283743,0.283886837473246,0.69865,"10-RegionalCPUE","10-RegionalCPUE","10-RegionalCPUE","All","data/stepwise/models/10-RegionalCPUE/model_payload.rds",""
2020,0.320809392403326,689.68325,2149.8225,117.515281,0.451442759050592,0.756075,"10-RegionalCPUE","10-RegionalCPUE","10-RegionalCPUE","All","data/stepwise/models/10-RegionalCPUE/model_payload.rds",""
2021,0.325430275032866,687.552,2112.7475,87.6917079,0.40748768578945,0.738,"10-RegionalCPUE","10-RegionalCPUE","10-RegionalCPUE","All","data/stepwise/models/10-RegionalCPUE/model_payload.rds",""
2022,0.324782767204186,672.604,2070.935,90.992585,0.394450243548362,0.791375,"10-RegionalCPUE","10-RegionalCPUE","10-RegionalCPUE","All","data/stepwise/models/10-RegionalCPUE/model_payload.rds",""
2023,0.315060780127796,644.19375,2044.665,116.2447992,0.470045713574164,0.806325,"10-RegionalCPUE","10-RegionalCPUE","10-RegionalCPUE","All","data/stepwise/models/10-RegionalCPUE/model_payload.rds",""
2024,0.302535061385842,615.49775,2034.4675,102.261902,0.372756399092026,0.846125,"10-RegionalCPUE","10-RegionalCPUE","10-RegionalCPUE","All","data/stepwise/models/10-RegionalCPUE/model_payload.rds",""
1952,0.996559678874548,2305.7775,2313.7375,139.344845,0.00711591395706808,0.054125,"11-TimeVaryingCV","11-TimeVaryingCV","11-TimeVaryingCV","All","data/stepwise/models/11-TimeVaryingCV/model_payload.rds",""
1953,0.985397858958297,2332.0475,2366.605,44.8503183,0.00794331378499461,0.051425,"11-TimeVaryingCV","11-TimeVaryingCV","11-TimeVaryingCV","All","data/stepwise/models/11-TimeVaryingCV/model_payload.rds",""
1954,0.978034673665734,2351.3225,2404.13,192.1065308,0.00415371728090456,0.035465,"11-TimeVaryingCV","11-TimeVaryingCV","11-TimeVaryingCV","All","data/stepwise/models/11-TimeVaryingCV/model_payload.rds",""
1955,0.971153614189292,2314.7325,2383.4875,184.3679639,0.00602376602725959,0.0561375,"11-TimeVaryingCV","11-TimeVaryingCV","11-TimeVaryingCV","All","data/stepwise/models/11-TimeVaryingCV/model_payload.rds",""
1956,0.963771428096543,2319.4075,2406.595,97.363474,0.00871067775143934,0.0607825,"11-TimeVaryingCV","11-TimeVaryingCV","11-TimeVaryingCV","All","data/stepwise/models/11-TimeVaryingCV/model_payload.rds",""
1957,0.956946404990665,2416.7825,2525.515,74.3170873,0.0124276455729245,0.0835525,"11-TimeVaryingCV","11-TimeVaryingCV","11-TimeVaryingCV","All","data/stepwise/models/11-TimeVaryingCV/model_payload.rds",""
1958,0.943379126878561,2375.9475,2518.55,129.260176,0.0152843238254116,0.1225225,"11-TimeVaryingCV","11-TimeVaryingCV","11-TimeVaryingCV","All","data/stepwise/models/11-TimeVaryingCV/model_payload.rds",""
1959,0.926060096897878,2199.0825,2374.665,51.8126199,0.0122669828048342,0.1124375,"11-TimeVaryingCV","11-TimeVaryingCV","11-TimeVaryingCV","All","data/stepwise/models/11-TimeVaryingCV/model_payload.rds",""
1960,0.911862271152247,2004.6175,2198.3775,84.2653519,0.0139189854824122,0.11785,"11-TimeVaryingCV","11-TimeVaryingCV","11-TimeVaryingCV","All","data/stepwise/models/11-TimeVaryingCV/model_payload.rds",""
1961,0.902773217998677,1897.3675,2101.71,86.7121105,0.0121789822320626,0.1195925,"11-TimeVaryingCV","11-TimeVaryingCV","11-TimeVaryingCV","All","data/stepwise/models/11-TimeVaryingCV/model_payload.rds",""
1962,0.894484342670573,1767.065,1975.5125,92.1052734,0.0112222699666501,0.11383,"11-TimeVaryingCV","11-TimeVaryingCV","11-TimeVaryingCV","All","data/stepwise/models/11-TimeVaryingCV/model_payload.rds",""
1963,0.888158060399153,1675.3925,1886.3675,73.8651282,0.0145835042271507,0.143735,"11-TimeVaryingCV","11-TimeVaryingCV","11-TimeVaryingCV","All","data/stepwise/models/11-TimeVaryingCV/model_payload.rds",""
1964,0.881169873575222,1586.3525,1800.28,86.7711804,0.0101073698873023,0.107275,"11-TimeVaryingCV","11-TimeVaryingCV","11-TimeVaryingCV","All","data/stepwise/models/11-TimeVaryingCV/model_payload.rds",""
1965,0.883529747537114,1540.105,1743.1275,70.3133762,0.0110945129628697,0.1035475,"11-TimeVaryingCV","11-TimeVaryingCV","11-TimeVaryingCV","All","data/stepwise/models/11-TimeVaryingCV/model_payload.rds",""
1966,0.884533087557604,1499.56,1695.3125,101.921951,0.011083247857819,0.1165275,"11-TimeVaryingCV","11-TimeVaryingCV","11-TimeVaryingCV","All","data/stepwise/models/11-TimeVaryingCV/model_payload.rds",""
1967,0.880963191553219,1430.9375,1624.2875,76.6333793,0.0133470257382807,0.123065,"11-TimeVaryingCV","11-TimeVaryingCV","11-TimeVaryingCV","All","data/stepwise/models/11-TimeVaryingCV/model_payload.rds",""
1968,0.879892483108379,1373.235,1560.685,59.8185536,0.011832691491798,0.0998175,"11-TimeVaryingCV","11-TimeVaryingCV","11-TimeVaryingCV","All","data/stepwise/models/11-TimeVaryingCV/model_payload.rds",""
1969,0.882766310960597,1389.355,1573.865,94.059448,0.0142600740267792,0.1287725,"11-TimeVaryingCV","11-TimeVaryingCV","11-TimeVaryingCV","All","data/stepwise/models/11-TimeVaryingCV/model_payload.rds",""
1970,0.879929691354193,1346.64,1530.395,77.3607136,0.0298093271667486,0.1227375,"11-TimeVaryingCV","11-TimeVaryingCV","11-TimeVaryingCV","All","data/stepwise/models/11-TimeVaryingCV/model_payload.rds",""
1971,0.877379701423056,1300.45,1482.1975,76.5191772,0.0298886205446599,0.1243225,"11-TimeVaryingCV","11-TimeVaryingCV","11-TimeVaryingCV","All","data/stepwise/models/11-TimeVaryingCV/model_payload.rds",""
1972,0.871753279464808,1297.875,1488.81,55.867816,0.038834528014685,0.17375,"11-TimeVaryingCV","11-TimeVaryingCV","11-TimeVaryingCV","All","data/stepwise/models/11-TimeVaryingCV/model_payload.rds",""
1973,0.857749741418293,1237.705,1442.9675,131.1334838,0.0344624011097306,0.142025,"11-TimeVaryingCV","11-TimeVaryingCV","11-TimeVaryingCV","All","data/stepwise/models/11-TimeVaryingCV/model_payload.rds",""
1974,0.849928428693409,1191.98,1402.4475,40.4492723,0.0381233515792148,0.150975,"11-TimeVaryingCV","11-TimeVaryingCV","11-TimeVaryingCV","All","data/stepwise/models/11-TimeVaryingCV/model_payload.rds",""
1975,0.842156525318185,1186.7375,1409.165,160.6874951,0.0395508698245125,0.187725,"11-TimeVaryingCV","11-TimeVaryingCV","11-TimeVaryingCV","All","data/stepwise/models/11-TimeVaryingCV/model_payload.rds",""
1976,0.829185838881689,1185.3025,1429.4775,54.6909544,0.0399347843346482,0.193075,"11-TimeVaryingCV","11-TimeVaryingCV","11-TimeVaryingCV","All","data/stepwise/models/11-TimeVaryingCV/model_payload.rds",""
1977,0.819555491340162,1219.5375,1488.0475,145.6622223,0.0481188881742186,0.214325,"11-TimeVaryingCV","11-TimeVaryingCV","11-TimeVaryingCV","All","data/stepwise/models/11-TimeVaryingCV/model_payload.rds",""
1978,0.815336782001238,1290.8575,1583.22,16.8730276,0.0383469386276949,0.1723,"11-TimeVaryingCV","11-TimeVaryingCV","11-TimeVaryingCV","All","data/stepwise/models/11-TimeVaryingCV/model_payload.rds",""
1979,0.8074200638378,1307.8025,1619.73,64.3734503,0.0692634554771522,0.214275,"11-TimeVaryingCV","11-TimeVaryingCV","11-TimeVaryingCV","All","data/stepwise/models/11-TimeVaryingCV/model_payload.rds",""
1980,0.796062760643972,1313.3125,1649.76,92.256195,0.048331870781848,0.217875,"11-TimeVaryingCV","11-TimeVaryingCV","11-TimeVaryingCV","All","data/stepwise/models/11-TimeVaryingCV/model_payload.rds",""
1981,0.782980063559929,1230.645,1571.745,102.0526372,0.0665871322057558,0.2085,"11-TimeVaryingCV","11-TimeVaryingCV","11-TimeVaryingCV","All","data/stepwise/models/11-TimeVaryingCV/model_payload.rds",""
1982,0.773339408999416,1179.505,1525.21,114.754531,0.0679323046446411,0.2511,"11-TimeVaryingCV","11-TimeVaryingCV","11-TimeVaryingCV","All","data/stepwise/models/11-TimeVaryingCV/model_payload.rds",""
1983,0.762927199051292,1172.4875,1536.8275,98.793907,0.0922538956922549,0.2571,"11-TimeVaryingCV","11-TimeVaryingCV","11-TimeVaryingCV","All","data/stepwise/models/11-TimeVaryingCV/model_payload.rds",""
1984,0.752644729808684,1210.9,1608.86,74.659186,0.0939916111065933,0.283725,"11-TimeVaryingCV","11-TimeVaryingCV","11-TimeVaryingCV","All","data/stepwise/models/11-TimeVaryingCV/model_payload.rds",""
1985,0.731753993735199,1215.93,1661.665,158.146678,0.0997186795845139,0.294225,"11-TimeVaryingCV","11-TimeVaryingCV","11-TimeVaryingCV","All","data/stepwise/models/11-TimeVaryingCV/model_payload.rds",""
1986,0.709752963920246,1176.6675,1657.855,58.67417,0.0892143437516091,0.261325,"11-TimeVaryingCV","11-TimeVaryingCV","11-TimeVaryingCV","All","data/stepwise/models/11-TimeVaryingCV/model_payload.rds",""
1987,0.697960470375919,1206.655,1728.83,134.895083,0.100444485826856,0.33365,"11-TimeVaryingCV","11-TimeVaryingCV","11-TimeVaryingCV","All","data/stepwise/models/11-TimeVaryingCV/model_payload.rds",""
1988,0.684662712250634,1239.385,1810.2125,147.5299705,0.0921877000833194,0.29175,"11-TimeVaryingCV","11-TimeVaryingCV","11-TimeVaryingCV","All","data/stepwise/models/11-TimeVaryingCV/model_payload.rds",""
1989,0.673362234803435,1228.61,1824.59,99.0695921,0.101605032898618,0.2904,"11-TimeVaryingCV","11-TimeVaryingCV","11-TimeVaryingCV","All","data/stepwise/models/11-TimeVaryingCV/model_payload.rds",""
1990,0.667865650217507,1294.6225,1938.4475,126.598262,0.121519103107473,0.359025,"11-TimeVaryingCV","11-TimeVaryingCV","11-TimeVaryingCV","All","data/stepwise/models/11-TimeVaryingCV/model_payload.rds",""
1991,0.6586905234926,1326.2075,2013.4,75.3979407,0.150502340743495,0.32685,"11-TimeVaryingCV","11-TimeVaryingCV","11-TimeVaryingCV","All","data/stepwise/models/11-TimeVaryingCV/model_payload.rds",""
1992,0.640906038174859,1309.77,2043.6225,149.593822,0.14363302674308,0.409675,"11-TimeVaryingCV","11-TimeVaryingCV","11-TimeVaryingCV","All","data/stepwise/models/11-TimeVaryingCV/model_payload.rds",""
1993,0.616883484302042,1253.7725,2032.43,70.943511,0.119517144323116,0.3575,"11-TimeVaryingCV","11-TimeVaryingCV","11-TimeVaryingCV","All","data/stepwise/models/11-TimeVaryingCV/model_payload.rds",""
1994,0.596863025359712,1223.5125,2049.905,160.343637,0.138856352732671,0.410325,"11-TimeVaryingCV","11-TimeVaryingCV","11-TimeVaryingCV","All","data/stepwise/models/11-TimeVaryingCV/model_payload.rds",""
1995,0.580688884382906,1202.7925,2071.32,100.0463645,0.130858944633243,0.3618,"11-TimeVaryingCV","11-TimeVaryingCV","11-TimeVaryingCV","All","data/stepwise/models/11-TimeVaryingCV/model_payload.rds",""
1996,0.574173770455935,1180.9075,2056.7075,137.269783,0.148428506735437,0.344475,"11-TimeVaryingCV","11-TimeVaryingCV","11-TimeVaryingCV","All","data/stepwise/models/11-TimeVaryingCV/model_payload.rds",""
1997,0.578309762557942,1222.6625,2114.2,61.612522,0.174222901615452,0.44305,"11-TimeVaryingCV","11-TimeVaryingCV","11-TimeVaryingCV","All","data/stepwise/models/11-TimeVaryingCV/model_payload.rds",""
1998,0.562667718195047,1209.315,2149.2525,150.962247,0.186780375069685,0.528425,"11-TimeVaryingCV","11-TimeVaryingCV","11-TimeVaryingCV","All","data/stepwise/models/11-TimeVaryingCV/model_payload.rds",""
1999,0.543312611630442,1171.1375,2155.55,92.831615,0.251404276640394,0.571325,"11-TimeVaryingCV","11-TimeVaryingCV","11-TimeVaryingCV","All","data/stepwise/models/11-TimeVaryingCV/model_payload.rds",""
2000,0.516062638346747,1096.3325,2124.4175,166.038245,0.18327799119531,0.54745,"11-TimeVaryingCV","11-TimeVaryingCV","11-TimeVaryingCV","All","data/stepwise/models/11-TimeVaryingCV/model_payload.rds",""
2001,0.490336364088041,1036.245,2113.335,89.143872,0.181266849684754,0.478075,"11-TimeVaryingCV","11-TimeVaryingCV","11-TimeVaryingCV","All","data/stepwise/models/11-TimeVaryingCV/model_payload.rds",""
2002,0.477236797203089,1027.875,2153.805,135.846479,0.188839377068244,0.596425,"11-TimeVaryingCV","11-TimeVaryingCV","11-TimeVaryingCV","All","data/stepwise/models/11-TimeVaryingCV/model_payload.rds",""
2003,0.464651796509844,1029.91,2216.52,73.147898,0.265389178743027,0.545475,"11-TimeVaryingCV","11-TimeVaryingCV","11-TimeVaryingCV","All","data/stepwise/models/11-TimeVaryingCV/model_payload.rds",""
2004,0.45300397949948,1012.2725,2234.5775,161.369967,0.23966297238506,0.780425,"11-TimeVaryingCV","11-TimeVaryingCV","11-TimeVaryingCV","All","data/stepwise/models/11-TimeVaryingCV/model_payload.rds",""
2005,0.429848182919134,948.575,2206.7675,96.475367,0.249539890261342,0.620525,"11-TimeVaryingCV","11-TimeVaryingCV","11-TimeVaryingCV","All","data/stepwise/models/11-TimeVaryingCV/model_payload.rds",""
2006,0.41667986973981,913.905,2193.3025,87.966127,0.255978870128799,0.673125,"11-TimeVaryingCV","11-TimeVaryingCV","11-TimeVaryingCV","All","data/stepwise/models/11-TimeVaryingCV/model_payload.rds",""
2007,0.404133247205326,900.91,2229.24,109.982958,0.238730607824007,0.69535,"11-TimeVaryingCV","11-TimeVaryingCV","11-TimeVaryingCV","All","data/stepwise/models/11-TimeVaryingCV/model_payload.rds",""
2008,0.386944702444329,854.045,2207.15,97.943674,0.392474281019105,0.751675,"11-TimeVaryingCV","11-TimeVaryingCV","11-TimeVaryingCV","All","data/stepwise/models/11-TimeVaryingCV/model_payload.rds",""
2009,0.368972684120199,789.5545,2139.8725,116.309563,0.242622190256053,0.7761,"11-TimeVaryingCV","11-TimeVaryingCV","11-TimeVaryingCV","All","data/stepwise/models/11-TimeVaryingCV/model_payload.rds",""
2010,0.351197078462613,735.68325,2094.7875,88.151781,0.228150377880101,0.64745,"11-TimeVaryingCV","11-TimeVaryingCV","11-TimeVaryingCV","All","data/stepwise/models/11-TimeVaryingCV/model_payload.rds",""
2011,0.34541407732724,722.99225,2093.1175,87.93916,0.257736815072065,0.8062,"11-TimeVaryingCV","11-TimeVaryingCV","11-TimeVaryingCV","All","data/stepwise/models/11-TimeVaryingCV/model_payload.rds",""
2012,0.33867860064482,703.808,2078.1,148.898662,0.23497495246271,0.82335,"11-TimeVaryingCV","11-TimeVaryingCV","11-TimeVaryingCV","All","data/stepwise/models/11-TimeVaryingCV/model_payload.rds",""
2013,0.330923448847441,672.7955,2033.085,137.945385,0.234362976219094,0.738875,"11-TimeVaryingCV","11-TimeVaryingCV","11-TimeVaryingCV","All","data/stepwise/models/11-TimeVaryingCV/model_payload.rds",""
2014,0.33770490808049,695.33525,2059.0025,70.351008,0.298364159524259,0.781375,"11-TimeVaryingCV","11-TimeVaryingCV","11-TimeVaryingCV","All","data/stepwise/models/11-TimeVaryingCV/model_payload.rds",""
2015,0.348407607244841,753.7215,2163.3325,99.365668,0.330251030736563,0.698,"11-TimeVaryingCV","11-TimeVaryingCV","11-TimeVaryingCV","All","data/stepwise/models/11-TimeVaryingCV/model_payload.rds",""
2016,0.350485725256358,775.87025,2213.7,124.373601,0.424247007678667,0.733825,"11-TimeVaryingCV","11-TimeVaryingCV","11-TimeVaryingCV","All","data/stepwise/models/11-TimeVaryingCV/model_payload.rds",""
2017,0.346500247784347,751.637,2169.225,103.636706,0.218341934559376,0.6258,"11-TimeVaryingCV","11-TimeVaryingCV","11-TimeVaryingCV","All","data/stepwise/models/11-TimeVaryingCV/model_payload.rds",""
2018,0.340507838251039,728.302,2138.87,94.890836,0.281624090705341,0.7425,"11-TimeVaryingCV","11-TimeVaryingCV","11-TimeVaryingCV","All","data/stepwise/models/11-TimeVaryingCV/model_payload.rds",""
2019,0.336446721052595,719.05225,2137.195,95.996406,0.257037845808135,0.6529,"11-TimeVaryingCV","11-TimeVaryingCV","11-TimeVaryingCV","All","data/stepwise/models/11-TimeVaryingCV/model_payload.rds",""
2020,0.34101955843068,726.68625,2130.9225,101.869622,0.404206933516983,0.698175,"11-TimeVaryingCV","11-TimeVaryingCV","11-TimeVaryingCV","All","data/stepwise/models/11-TimeVaryingCV/model_payload.rds",""
2021,0.346256999425323,729.0545,2105.53,96.1118032,0.326993038051102,0.687025,"11-TimeVaryingCV","11-TimeVaryingCV","11-TimeVaryingCV","All","data/stepwise/models/11-TimeVaryingCV/model_payload.rds",""
2022,0.342479487426999,709.58325,2071.9,84.986476,0.381390524794042,0.7399,"11-TimeVaryingCV","11-TimeVaryingCV","11-TimeVaryingCV","All","data/stepwise/models/11-TimeVaryingCV/model_payload.rds",""
2023,0.335336852338887,678.6455,2023.7725,126.022477,0.441079794587048,0.7599,"11-TimeVaryingCV","11-TimeVaryingCV","11-TimeVaryingCV","All","data/stepwise/models/11-TimeVaryingCV/model_payload.rds",""
2024,0.323006497009323,645.19175,1997.4575,102.179082,0.349613708746859,0.791975,"11-TimeVaryingCV","11-TimeVaryingCV","11-TimeVaryingCV","All","data/stepwise/models/11-TimeVaryingCV/model_payload.rds",""
1952,0.996575268701402,2313.4,2321.35,139.915484,0.00709975283701557,0.0551725,"12-CPUEErrorCalibration","12-CPUEErrorCalibration","12-CPUEErrorCalibration","All","data/stepwise/models/12-CPUEErrorCalibration/model_payload.rds",""
1953,0.985417682178957,2339.995,2374.6225,42.3495814,0.00795669657542396,0.052705,"12-CPUEErrorCalibration","12-CPUEErrorCalibration","12-CPUEErrorCalibration","All","data/stepwise/models/12-CPUEErrorCalibration/model_payload.rds",""
1954,0.978030450624474,2359.43,2412.43,179.7660474,0.00427154533445123,0.036075,"12-CPUEErrorCalibration","12-CPUEErrorCalibration","12-CPUEErrorCalibration","All","data/stepwise/models/12-CPUEErrorCalibration/model_payload.rds",""
1955,0.971168352880863,2320.5825,2389.475,177.77162,0.00620632408384714,0.0580525,"12-CPUEErrorCalibration","12-CPUEErrorCalibration","12-CPUEErrorCalibration","All","data/stepwise/models/12-CPUEErrorCalibration/model_payload.rds",""
1956,0.963447918429956,2305.0925,2392.545,92.763191,0.00905269586726205,0.063655,"12-CPUEErrorCalibration","12-CPUEErrorCalibration","12-CPUEErrorCalibration","All","data/stepwise/models/12-CPUEErrorCalibration/model_payload.rds",""
1957,0.956061117124374,2373.84,2482.9375,73.554534,0.0128716044891791,0.0885325,"12-CPUEErrorCalibration","12-CPUEErrorCalibration","12-CPUEErrorCalibration","All","data/stepwise/models/12-CPUEErrorCalibration/model_payload.rds",""
1958,0.941700812160412,2312.045,2455.18,138.2188722,0.0155640086415192,0.129585,"12-CPUEErrorCalibration","12-CPUEErrorCalibration","12-CPUEErrorCalibration","All","data/stepwise/models/12-CPUEErrorCalibration/model_payload.rds",""
1959,0.923570391777737,2126.7725,2302.7725,43.1999718,0.012934937654999,0.1185275,"12-CPUEErrorCalibration","12-CPUEErrorCalibration","12-CPUEErrorCalibration","All","data/stepwise/models/12-CPUEErrorCalibration/model_payload.rds",""
1960,0.909219132009648,1940.335,2134.0675,74.7506714,0.0149984427081259,0.123525,"12-CPUEErrorCalibration","12-CPUEErrorCalibration","12-CPUEErrorCalibration","All","data/stepwise/models/12-CPUEErrorCalibration/model_payload.rds",""
1961,0.900086463402255,1839.9725,2044.2175,82.451586,0.0126869562094533,0.1260325,"12-CPUEErrorCalibration","12-CPUEErrorCalibration","12-CPUEErrorCalibration","All","data/stepwise/models/12-CPUEErrorCalibration/model_payload.rds",""
1962,0.891365373998729,1711.475,1920.06,88.3115552,0.0116254785629544,0.120615,"12-CPUEErrorCalibration","12-CPUEErrorCalibration","12-CPUEErrorCalibration","All","data/stepwise/models/12-CPUEErrorCalibration/model_payload.rds",""
1963,0.884364455366697,1615.7825,1827.055,72.5339904,0.0151268850803175,0.1523375,"12-CPUEErrorCalibration","12-CPUEErrorCalibration","12-CPUEErrorCalibration","All","data/stepwise/models/12-CPUEErrorCalibration/model_payload.rds",""
1964,0.877003368886632,1528.755,1743.1575,87.7989536,0.0102555258223931,0.113315,"12-CPUEErrorCalibration","12-CPUEErrorCalibration","12-CPUEErrorCalibration","All","data/stepwise/models/12-CPUEErrorCalibration/model_payload.rds",""
1965,0.87964383359196,1488.0275,1691.625,75.5507915,0.0111312146583229,0.1092575,"12-CPUEErrorCalibration","12-CPUEErrorCalibration","12-CPUEErrorCalibration","All","data/stepwise/models/12-CPUEErrorCalibration/model_payload.rds",""
1966,0.880881190657146,1451.69,1647.9975,109.2072775,0.0109856652019575,0.1219725,"12-CPUEErrorCalibration","12-CPUEErrorCalibration","12-CPUEErrorCalibration","All","data/stepwise/models/12-CPUEErrorCalibration/model_payload.rds",""
1967,0.877583719544858,1388.4625,1582.1425,71.7004131,0.0135144223326203,0.12862,"12-CPUEErrorCalibration","12-CPUEErrorCalibration","12-CPUEErrorCalibration","All","data/stepwise/models/12-CPUEErrorCalibration/model_payload.rds",""
1968,0.876816206019847,1336.3775,1524.125,52.8861852,0.0119159438517882,0.1036475,"12-CPUEErrorCalibration","12-CPUEErrorCalibration","12-CPUEErrorCalibration","All","data/stepwise/models/12-CPUEErrorCalibration/model_payload.rds",""
1969,0.880214220704978,1358.8175,1543.735,90.788623,0.0145277252353452,0.133275,"12-CPUEErrorCalibration","12-CPUEErrorCalibration","12-CPUEErrorCalibration","All","data/stepwise/models/12-CPUEErrorCalibration/model_payload.rds",""
1970,0.878024959485117,1326.035,1510.2475,76.0926077,0.0296889523408027,0.12737,"12-CPUEErrorCalibration","12-CPUEErrorCalibration","12-CPUEErrorCalibration","All","data/stepwise/models/12-CPUEErrorCalibration/model_payload.rds",""
1971,0.875273815065305,1278.635,1460.84,69.1774373,0.0290305128884402,0.129775,"12-CPUEErrorCalibration","12-CPUEErrorCalibration","12-CPUEErrorCalibration","All","data/stepwise/models/12-CPUEErrorCalibration/model_payload.rds",""
1972,0.86898153460912,1268.385,1459.6225,53.479306,0.0419324143048938,0.182,"12-CPUEErrorCalibration","12-CPUEErrorCalibration","12-CPUEErrorCalibration","All","data/stepwise/models/12-CPUEErrorCalibration/model_payload.rds",""
1973,0.854751194503602,1207.0775,1412.1975,127.573121,0.0330737754276974,0.14955,"12-CPUEErrorCalibration","12-CPUEErrorCalibration","12-CPUEErrorCalibration","All","data/stepwise/models/12-CPUEErrorCalibration/model_payload.rds",""
1974,0.845904835907548,1153.958,1364.17,39.287235,0.0392591120798165,0.15945,"12-CPUEErrorCalibration","12-CPUEErrorCalibration","12-CPUEErrorCalibration","All","data/stepwise/models/12-CPUEErrorCalibration/model_payload.rds",""
1975,0.837304394211201,1145.85525,1368.505,152.218991,0.0418839184276472,0.19995,"12-CPUEErrorCalibration","12-CPUEErrorCalibration","12-CPUEErrorCalibration","All","data/stepwise/models/12-CPUEErrorCalibration/model_payload.rds",""
1976,0.824549430221177,1147.7625,1391.9875,61.241673,0.0405547411018887,0.205825,"12-CPUEErrorCalibration","12-CPUEErrorCalibration","12-CPUEErrorCalibration","All","data/stepwise/models/12-CPUEErrorCalibration/model_payload.rds",""
1977,0.813099556700653,1166.0925,1434.1325,135.4164629,0.0493278554900792,0.2281,"12-CPUEErrorCalibration","12-CPUEErrorCalibration","12-CPUEErrorCalibration","All","data/stepwise/models/12-CPUEErrorCalibration/model_payload.rds",""
1978,0.808265318702996,1229.22,1520.8125,16.7123303,0.0395393085312855,0.182925,"12-CPUEErrorCalibration","12-CPUEErrorCalibration","12-CPUEErrorCalibration","All","data/stepwise/models/12-CPUEErrorCalibration/model_payload.rds",""
1979,0.800851953139377,1251.165,1562.2925,62.4359043,0.0710294362064063,0.226625,"12-CPUEErrorCalibration","12-CPUEErrorCalibration","12-CPUEErrorCalibration","All","data/stepwise/models/12-CPUEErrorCalibration/model_payload.rds",""
1980,0.789784911707439,1260.475,1595.9725,88.325377,0.051704483113998,0.22965,"12-CPUEErrorCalibration","12-CPUEErrorCalibration","12-CPUEErrorCalibration","All","data/stepwise/models/12-CPUEErrorCalibration/model_payload.rds",""
1981,0.776664691777843,1183.0875,1523.2925,99.143316,0.0701643671320459,0.2203,"12-CPUEErrorCalibration","12-CPUEErrorCalibration","12-CPUEErrorCalibration","All","data/stepwise/models/12-CPUEErrorCalibration/model_payload.rds",""
1982,0.766592203900586,1133.305,1478.3675,111.487029,0.0803834621798462,0.2654,"12-CPUEErrorCalibration","12-CPUEErrorCalibration","12-CPUEErrorCalibration","All","data/stepwise/models/12-CPUEErrorCalibration/model_payload.rds",""
1983,0.756653247742357,1130.09,1493.5375,97.160473,0.0982265742959289,0.272675,"12-CPUEErrorCalibration","12-CPUEErrorCalibration","12-CPUEErrorCalibration","All","data/stepwise/models/12-CPUEErrorCalibration/model_payload.rds",""
1984,0.744855650613605,1162.31,1560.45,76.923206,0.107330570998738,0.3003,"12-CPUEErrorCalibration","12-CPUEErrorCalibration","12-CPUEErrorCalibration","All","data/stepwise/models/12-CPUEErrorCalibration/model_payload.rds",""
1985,0.723017185478441,1165.1675,1611.535,150.736819,0.103401515729773,0.310325,"12-CPUEErrorCalibration","12-CPUEErrorCalibration","12-CPUEErrorCalibration","All","data/stepwise/models/12-CPUEErrorCalibration/model_payload.rds",""
1986,0.701034456058846,1131.7325,1614.375,60.978484,0.102125861070211,0.2768,"12-CPUEErrorCalibration","12-CPUEErrorCalibration","12-CPUEErrorCalibration","All","data/stepwise/models/12-CPUEErrorCalibration/model_payload.rds",""
1987,0.688917923037705,1158.71,1681.9275,135.631724,0.123510634904041,0.351075,"12-CPUEErrorCalibration","12-CPUEErrorCalibration","12-CPUEErrorCalibration","All","data/stepwise/models/12-CPUEErrorCalibration/model_payload.rds",""
1988,0.676355195975425,1192.5275,1763.1675,131.598491,0.100554224030637,0.309,"12-CPUEErrorCalibration","12-CPUEErrorCalibration","12-CPUEErrorCalibration","All","data/stepwise/models/12-CPUEErrorCalibration/model_payload.rds",""
1989,0.662320567280341,1179.9125,1781.4825,104.030662,0.107820837572906,0.30955,"12-CPUEErrorCalibration","12-CPUEErrorCalibration","12-CPUEErrorCalibration","All","data/stepwise/models/12-CPUEErrorCalibration/model_payload.rds",""
1990,0.653409553836702,1231.0285,1884.0075,120.337743,0.14996534934263,0.381575,"12-CPUEErrorCalibration","12-CPUEErrorCalibration","12-CPUEErrorCalibration","All","data/stepwise/models/12-CPUEErrorCalibration/model_payload.rds",""
1991,0.645304363279767,1261.7975,1955.3525,76.147148,0.176929097288474,0.348375,"12-CPUEErrorCalibration","12-CPUEErrorCalibration","12-CPUEErrorCalibration","All","data/stepwise/models/12-CPUEErrorCalibration/model_payload.rds",""
1992,0.628911079171399,1251.445,1989.86,152.303083,0.192766377005213,0.434875,"12-CPUEErrorCalibration","12-CPUEErrorCalibration","12-CPUEErrorCalibration","All","data/stepwise/models/12-CPUEErrorCalibration/model_payload.rds",""
1993,0.604895831104275,1201.37,1986.0775,71.501178,0.145571256290817,0.3782,"12-CPUEErrorCalibration","12-CPUEErrorCalibration","12-CPUEErrorCalibration","All","data/stepwise/models/12-CPUEErrorCalibration/model_payload.rds",""
1994,0.580809154553965,1167.8925,2010.8025,151.111308,0.153869155801529,0.435925,"12-CPUEErrorCalibration","12-CPUEErrorCalibration","12-CPUEErrorCalibration","All","data/stepwise/models/12-CPUEErrorCalibration/model_payload.rds",""
1995,0.562835833845575,1151.42,2045.7475,77.42317,0.137185299388641,0.3893,"12-CPUEErrorCalibration","12-CPUEErrorCalibration","12-CPUEErrorCalibration","All","data/stepwise/models/12-CPUEErrorCalibration/model_payload.rds",""
1996,0.552147458972969,1117.7825,2024.4275,151.810191,0.149478544139549,0.368375,"12-CPUEErrorCalibration","12-CPUEErrorCalibration","12-CPUEErrorCalibration","All","data/stepwise/models/12-CPUEErrorCalibration/model_payload.rds",""
1997,0.559470829021668,1159.7075,2072.865,94.74776,0.173078974544071,0.470125,"12-CPUEErrorCalibration","12-CPUEErrorCalibration","12-CPUEErrorCalibration","All","data/stepwise/models/12-CPUEErrorCalibration/model_payload.rds",""
1998,0.547324864621525,1158.045,2115.8275,114.009713,0.216184342161429,0.552675,"12-CPUEErrorCalibration","12-CPUEErrorCalibration","12-CPUEErrorCalibration","All","data/stepwise/models/12-CPUEErrorCalibration/model_payload.rds",""
1999,0.530028520087703,1125.285,2123.065,108.911334,0.311640713772154,0.600775,"12-CPUEErrorCalibration","12-CPUEErrorCalibration","12-CPUEErrorCalibration","All","data/stepwise/models/12-CPUEErrorCalibration/model_payload.rds",""
2000,0.50489124029282,1060.235,2099.9275,158.801455,0.244805974317176,0.574725,"12-CPUEErrorCalibration","12-CPUEErrorCalibration","12-CPUEErrorCalibration","All","data/stepwise/models/12-CPUEErrorCalibration/model_payload.rds",""
2001,0.481005499196914,1006.979,2093.4875,93.34193,0.202283310188206,0.502025,"12-CPUEErrorCalibration","12-CPUEErrorCalibration","12-CPUEErrorCalibration","All","data/stepwise/models/12-CPUEErrorCalibration/model_payload.rds",""
2002,0.46307570505513,997.259,2153.555,124.220889,0.22969047806214,0.626375,"12-CPUEErrorCalibration","12-CPUEErrorCalibration","12-CPUEErrorCalibration","All","data/stepwise/models/12-CPUEErrorCalibration/model_payload.rds",""
2003,0.448174496054016,993.66,2217.1275,84.462227,0.273124880838489,0.580575,"12-CPUEErrorCalibration","12-CPUEErrorCalibration","12-CPUEErrorCalibration","All","data/stepwise/models/12-CPUEErrorCalibration/model_payload.rds",""
2004,0.433840786268306,968.35975,2232.0625,159.396059,0.299226302711256,0.812325,"12-CPUEErrorCalibration","12-CPUEErrorCalibration","12-CPUEErrorCalibration","All","data/stepwise/models/12-CPUEErrorCalibration/model_payload.rds",""
2005,0.414321179438075,910.81675,2198.335,98.385357,0.266843564667416,0.646625,"12-CPUEErrorCalibration","12-CPUEErrorCalibration","12-CPUEErrorCalibration","All","data/stepwise/models/12-CPUEErrorCalibration/model_payload.rds",""
2006,0.40135767943793,887.3045,2210.7575,85.01573,0.300538250643723,0.700425,"12-CPUEErrorCalibration","12-CPUEErrorCalibration","12-CPUEErrorCalibration","All","data/stepwise/models/12-CPUEErrorCalibration/model_payload.rds",""
2007,0.391035611998081,878.2435,2245.9425,114.456126,0.331638598734398,0.72885,"12-CPUEErrorCalibration","12-CPUEErrorCalibration","12-CPUEErrorCalibration","All","data/stepwise/models/12-CPUEErrorCalibration/model_payload.rds",""
2008,0.37444265132537,831.8075,2221.455,103.224403,0.411753929183467,0.790925,"12-CPUEErrorCalibration","12-CPUEErrorCalibration","12-CPUEErrorCalibration","All","data/stepwise/models/12-CPUEErrorCalibration/model_payload.rds",""
2009,0.356142079775651,767.05525,2153.79,111.460068,0.288235818219424,0.818725,"12-CPUEErrorCalibration","12-CPUEErrorCalibration","12-CPUEErrorCalibration","All","data/stepwise/models/12-CPUEErrorCalibration/model_payload.rds",""
2010,0.334817857286299,708.58675,2116.335,85.205062,0.256295846365444,0.68405,"12-CPUEErrorCalibration","12-CPUEErrorCalibration","12-CPUEErrorCalibration","All","data/stepwise/models/12-CPUEErrorCalibration/model_payload.rds",""
2011,0.326910600476964,692.59525,2118.6075,93.565985,0.321382937379163,0.85785,"12-CPUEErrorCalibration","12-CPUEErrorCalibration","12-CPUEErrorCalibration","All","data/stepwise/models/12-CPUEErrorCalibration/model_payload.rds",""
2012,0.3197201316327,671.09975,2099.0225,149.709465,0.279038397321349,0.874975,"12-CPUEErrorCalibration","12-CPUEErrorCalibration","12-CPUEErrorCalibration","All","data/stepwise/models/12-CPUEErrorCalibration/model_payload.rds",""
2013,0.313220688435192,641.85575,2049.2125,134.0046118,0.266766064782437,0.78325,"12-CPUEErrorCalibration","12-CPUEErrorCalibration","12-CPUEErrorCalibration","All","data/stepwise/models/12-CPUEErrorCalibration/model_payload.rds",""
2014,0.319567200645107,663.797,2077.175,73.004757,0.304915129662151,0.8255,"12-CPUEErrorCalibration","12-CPUEErrorCalibration","12-CPUEErrorCalibration","All","data/stepwise/models/12-CPUEErrorCalibration/model_payload.rds",""
2015,0.330101676825952,720.659,2183.1425,98.312166,0.346537036290849,0.736325,"12-CPUEErrorCalibration","12-CPUEErrorCalibration","12-CPUEErrorCalibration","All","data/stepwise/models/12-CPUEErrorCalibration/model_payload.rds",""
2016,0.333387261647116,744.42125,2232.9025,126.671825,0.442696989472747,0.77475,"12-CPUEErrorCalibration","12-CPUEErrorCalibration","12-CPUEErrorCalibration","All","data/stepwise/models/12-CPUEErrorCalibration/model_payload.rds",""
2017,0.330964403836472,724.73675,2189.7725,107.9846928,0.239853069516516,0.658375,"12-CPUEErrorCalibration","12-CPUEErrorCalibration","12-CPUEErrorCalibration","All","data/stepwise/models/12-CPUEErrorCalibration/model_payload.rds",""
2018,0.325710772479862,703.269,2159.1825,89.008278,0.287969632994909,0.77295,"12-CPUEErrorCalibration","12-CPUEErrorCalibration","12-CPUEErrorCalibration","All","data/stepwise/models/12-CPUEErrorCalibration/model_payload.rds",""
2019,0.322912284112184,697.66975,2160.555,90.855317,0.280036822411724,0.67725,"12-CPUEErrorCalibration","12-CPUEErrorCalibration","12-CPUEErrorCalibration","All","data/stepwise/models/12-CPUEErrorCalibration/model_payload.rds",""
2020,0.329407321244028,710.805,2157.83,115.233277,0.457952982204645,0.73795,"12-CPUEErrorCalibration","12-CPUEErrorCalibration","12-CPUEErrorCalibration","All","data/stepwise/models/12-CPUEErrorCalibration/model_payload.rds",""
2021,0.333774366273313,707.04175,2118.3225,85.159246,0.413291361426047,0.7283,"12-CPUEErrorCalibration","12-CPUEErrorCalibration","12-CPUEErrorCalibration","All","data/stepwise/models/12-CPUEErrorCalibration/model_payload.rds",""
2022,0.331433035482143,685.174,2067.3075,87.539478,0.403449356817659,0.79085,"12-CPUEErrorCalibration","12-CPUEErrorCalibration","12-CPUEErrorCalibration","All","data/stepwise/models/12-CPUEErrorCalibration/model_payload.rds",""
2023,0.319070467797345,647.3525,2028.87,114.5509771,0.480601241777011,0.8175,"12-CPUEErrorCalibration","12-CPUEErrorCalibration","12-CPUEErrorCalibration","All","data/stepwise/models/12-CPUEErrorCalibration/model_payload.rds",""
2024,0.303043700877157,608.13825,2006.7675,100.512835,0.376871157570371,0.867975,"12-CPUEErrorCalibration","12-CPUEErrorCalibration","12-CPUEErrorCalibration","All","data/stepwise/models/12-CPUEErrorCalibration/model_payload.rds",""
1952,0.996085769130622,2056.1825,2064.2625,123.657485,0.00803792031307933,0.062215,"13-NewAgeData","13-NewAgeData","13-NewAgeData","All","data/stepwise/models/13-NewAgeData/model_payload.rds",""
1953,0.983365558690605,2076.31,2111.4325,37.2990872,0.00900079063188302,0.0594825,"13-NewAgeData","13-NewAgeData","13-NewAgeData","All","data/stepwise/models/13-NewAgeData/model_payload.rds",""
1954,0.975075183587831,2091.2925,2144.75,164.4821903,0.00477815168982979,0.040675,"13-NewAgeData","13-NewAgeData","13-NewAgeData","All","data/stepwise/models/13-NewAgeData/model_payload.rds",""
1955,0.96737417729384,2055.155,2124.4675,166.9263305,0.00675256569193317,0.0645725,"13-NewAgeData","13-NewAgeData","13-NewAgeData","All","data/stepwise/models/13-NewAgeData/model_payload.rds",""
1956,0.958993104012052,2052.9525,2140.7375,80.299053,0.010103473632072,0.07025,"13-NewAgeData","13-NewAgeData","13-NewAgeData","All","data/stepwise/models/13-NewAgeData/model_payload.rds",""
1957,0.951192016057092,2132.5725,2242,66.6732413,0.0144207286752002,0.0979125,"13-NewAgeData","13-NewAgeData","13-NewAgeData","All","data/stepwise/models/13-NewAgeData/model_payload.rds",""
1958,0.935403331512221,2080.2575,2223.915,124.1977488,0.0175137825835433,0.143915,"13-NewAgeData","13-NewAgeData","13-NewAgeData","All","data/stepwise/models/13-NewAgeData/model_payload.rds",""
1959,0.915195608399655,1908.915,2085.8,41.1248375,0.0142515623992854,0.13219,"13-NewAgeData","13-NewAgeData","13-NewAgeData","All","data/stepwise/models/13-NewAgeData/model_payload.rds",""
1960,0.899171848278773,1736.3975,1931.1075,64.9450836,0.0167085848401323,0.1372075,"13-NewAgeData","13-NewAgeData","13-NewAgeData","All","data/stepwise/models/13-NewAgeData/model_payload.rds",""
1961,0.889205390008054,1645.11,1850.09,79.0391051,0.013768152000397,0.139925,"13-NewAgeData","13-NewAgeData","13-NewAgeData","All","data/stepwise/models/13-NewAgeData/model_payload.rds",""
1962,0.879857870935324,1532.1625,1741.375,79.5112755,0.0129894423350532,0.1333,"13-NewAgeData","13-NewAgeData","13-NewAgeData","All","data/stepwise/models/13-NewAgeData/model_payload.rds",""
1963,0.872475568072405,1449.845,1661.76,65.6463738,0.0166343264683166,0.168375,"13-NewAgeData","13-NewAgeData","13-NewAgeData","All","data/stepwise/models/13-NewAgeData/model_payload.rds",""
1964,0.864662860126147,1374.6475,1589.8075,82.4547247,0.0111015260272672,0.124825,"13-NewAgeData","13-NewAgeData","13-NewAgeData","All","data/stepwise/models/13-NewAgeData/model_payload.rds",""
1965,0.867956753647356,1342.8875,1547.1825,64.6835581,0.0122762893067456,0.120025,"13-NewAgeData","13-NewAgeData","13-NewAgeData","All","data/stepwise/models/13-NewAgeData/model_payload.rds",""
1966,0.869730015531542,1315.945,1513.05,109.375297,0.0118939708801502,0.1337,"13-NewAgeData","13-NewAgeData","13-NewAgeData","All","data/stepwise/models/13-NewAgeData/model_payload.rds",""
1967,0.866352641367195,1261.26,1455.8275,68.9209795,0.0145341636356988,0.140225,"13-NewAgeData","13-NewAgeData","13-NewAgeData","All","data/stepwise/models/13-NewAgeData/model_payload.rds",""
1968,0.865934393956085,1218.4,1407.035,41.608347,0.0131122638933136,0.11251,"13-NewAgeData","13-NewAgeData","13-NewAgeData","All","data/stepwise/models/13-NewAgeData/model_payload.rds",""
1969,0.870141976569414,1246.1325,1432.1025,82.853072,0.0158362891766962,0.14535,"13-NewAgeData","13-NewAgeData","13-NewAgeData","All","data/stepwise/models/13-NewAgeData/model_payload.rds",""
1970,0.867716720876251,1215.8425,1401.1975,73.1782954,0.0316314540676382,0.1389,"13-NewAgeData","13-NewAgeData","13-NewAgeData","All","data/stepwise/models/13-NewAgeData/model_payload.rds",""
1971,0.864469791270366,1170.2025,1353.665,60.6488697,0.031119712068692,0.141775,"13-NewAgeData","13-NewAgeData","13-NewAgeData","All","data/stepwise/models/13-NewAgeData/model_payload.rds",""
1972,0.85756824646915,1159.8975,1352.5425,46.460684,0.0453456909312188,0.1996,"13-NewAgeData","13-NewAgeData","13-NewAgeData","All","data/stepwise/models/13-NewAgeData/model_payload.rds",""
1973,0.841916571120125,1099.6125,1306.0825,120.97321,0.0349910429767788,0.16425,"13-NewAgeData","13-NewAgeData","13-NewAgeData","All","data/stepwise/models/13-NewAgeData/model_payload.rds",""
1974,0.832319636656404,1048.78475,1260.0745,31.46776,0.0424782251325206,0.1746,"13-NewAgeData","13-NewAgeData","13-NewAgeData","All","data/stepwise/models/13-NewAgeData/model_payload.rds",""
1975,0.82328670223276,1041.6635,1265.25,143.089927,0.0445927868270286,0.2199,"13-NewAgeData","13-NewAgeData","13-NewAgeData","All","data/stepwise/models/13-NewAgeData/model_payload.rds",""
1976,0.809288554826602,1041.435,1286.8525,56.1672725,0.0432393020277566,0.22415,"13-NewAgeData","13-NewAgeData","13-NewAgeData","All","data/stepwise/models/13-NewAgeData/model_payload.rds",""
1977,0.798027531975189,1063.0425,1332.0875,130.0848653,0.0534909165865462,0.248125,"13-NewAgeData","13-NewAgeData","13-NewAgeData","All","data/stepwise/models/13-NewAgeData/model_payload.rds",""
1978,0.793204798068613,1122.01,1414.5275,12.9337534,0.0422500032830651,0.1987,"13-NewAgeData","13-NewAgeData","13-NewAgeData","All","data/stepwise/models/13-NewAgeData/model_payload.rds",""
1979,0.785408868129055,1142.98,1455.2675,50.947857,0.081328870721222,0.247875,"13-NewAgeData","13-NewAgeData","13-NewAgeData","All","data/stepwise/models/13-NewAgeData/model_payload.rds",""
1980,0.773228502782844,1148.9325,1485.89,83.178993,0.0558344224416054,0.253,"13-NewAgeData","13-NewAgeData","13-NewAgeData","All","data/stepwise/models/13-NewAgeData/model_payload.rds",""
1981,0.758196097315709,1070.6525,1412.105,95.294734,0.0747735521786128,0.24175,"13-NewAgeData","13-NewAgeData","13-NewAgeData","All","data/stepwise/models/13-NewAgeData/model_payload.rds",""
1982,0.747021404405039,1022.84225,1369.2275,103.165345,0.0867631862748683,0.290075,"13-NewAgeData","13-NewAgeData","13-NewAgeData","All","data/stepwise/models/13-NewAgeData/model_payload.rds",""
1983,0.737073150521577,1022.9525,1387.8575,92.960247,0.104351197692641,0.296675,"13-NewAgeData","13-NewAgeData","13-NewAgeData","All","data/stepwise/models/13-NewAgeData/model_payload.rds",""
1984,0.725496760945224,1056.365,1456.0575,68.998348,0.116445490886811,0.32735,"13-NewAgeData","13-NewAgeData","13-NewAgeData","All","data/stepwise/models/13-NewAgeData/model_payload.rds",""
1985,0.702448417243497,1057.94,1506.075,143.948152,0.110518256329551,0.3388,"13-NewAgeData","13-NewAgeData","13-NewAgeData","All","data/stepwise/models/13-NewAgeData/model_payload.rds",""
1986,0.679456351453848,1025.7175,1509.615,51.047176,0.110875431726372,0.29985,"13-NewAgeData","13-NewAgeData","13-NewAgeData","All","data/stepwise/models/13-NewAgeData/model_payload.rds",""
1987,0.667731063743685,1056.01,1581.49,129.379915,0.131950216449398,0.381925,"13-NewAgeData","13-NewAgeData","13-NewAgeData","All","data/stepwise/models/13-NewAgeData/model_payload.rds",""
1988,0.654556928471164,1086.4925,1659.89,125.868669,0.108204471208069,0.3364,"13-NewAgeData","13-NewAgeData","13-NewAgeData","All","data/stepwise/models/13-NewAgeData/model_payload.rds",""
1989,0.640008356462829,1072.238,1675.35,97.993263,0.114443086861493,0.334875,"13-NewAgeData","13-NewAgeData","13-NewAgeData","All","data/stepwise/models/13-NewAgeData/model_payload.rds",""
1990,0.631252004253236,1122.0315,1777.47,113.563577,0.161361429874561,0.413,"13-NewAgeData","13-NewAgeData","13-NewAgeData","All","data/stepwise/models/13-NewAgeData/model_payload.rds",""
1991,0.623126570069222,1151.5675,1848.0475,67.9291947,0.194112457930156,0.37765,"13-NewAgeData","13-NewAgeData","13-NewAgeData","All","data/stepwise/models/13-NewAgeData/model_payload.rds",""
1992,0.605980734877622,1141.495,1883.715,147.660808,0.205387754115584,0.473025,"13-NewAgeData","13-NewAgeData","13-NewAgeData","All","data/stepwise/models/13-NewAgeData/model_payload.rds",""
1993,0.580186040564515,1089.015,1877.01,59.26338,0.162321805273227,0.41185,"13-NewAgeData","13-NewAgeData","13-NewAgeData","All","data/stepwise/models/13-NewAgeData/model_payload.rds",""
1994,0.555957062108373,1060.0475,1906.7075,153.570995,0.1642706954526,0.4773,"13-NewAgeData","13-NewAgeData","13-NewAgeData","All","data/stepwise/models/13-NewAgeData/model_payload.rds",""
1995,0.536230050917351,1038.6575,1936.9625,68.2717338,0.145785513894545,0.4247,"13-NewAgeData","13-NewAgeData","13-NewAgeData","All","data/stepwise/models/13-NewAgeData/model_payload.rds",""
1996,0.525104087257374,1007.3925,1918.4625,149.138386,0.162052830906812,0.40045,"13-NewAgeData","13-NewAgeData","13-NewAgeData","All","data/stepwise/models/13-NewAgeData/model_payload.rds",""
1997,0.533743662633172,1051.455,1969.9625,54.114179,0.200613365827788,0.508975,"13-NewAgeData","13-NewAgeData","13-NewAgeData","All","data/stepwise/models/13-NewAgeData/model_payload.rds",""
1998,0.521757360584927,1051.495,2015.295,140.333185,0.224447126762342,0.6051,"13-NewAgeData","13-NewAgeData","13-NewAgeData","All","data/stepwise/models/13-NewAgeData/model_payload.rds",""
1999,0.503007407224208,1016.9175,2021.675,100.891093,0.331497924159538,0.6549,"13-NewAgeData","13-NewAgeData","13-NewAgeData","All","data/stepwise/models/13-NewAgeData/model_payload.rds",""
2000,0.476237995573759,951.133,1997.18,152.483317,0.261059567957068,0.62945,"13-NewAgeData","13-NewAgeData","13-NewAgeData","All","data/stepwise/models/13-NewAgeData/model_payload.rds",""
2001,0.452740664825775,903.40325,1995.41,86.201402,0.21495071653559,0.5467,"13-NewAgeData","13-NewAgeData","13-NewAgeData","All","data/stepwise/models/13-NewAgeData/model_payload.rds",""
2002,0.435942959824193,897.63925,2059.075,119.38633,0.245040575876794,0.683975,"13-NewAgeData","13-NewAgeData","13-NewAgeData","All","data/stepwise/models/13-NewAgeData/model_payload.rds",""
2003,0.420793436068423,893.52225,2123.4225,85.907455,0.291341182330165,0.63455,"13-NewAgeData","13-NewAgeData","13-NewAgeData","All","data/stepwise/models/13-NewAgeData/model_payload.rds",""
2004,0.406543226331444,869.30325,2138.28,152.192854,0.32182722133781,0.88845,"13-NewAgeData","13-NewAgeData","13-NewAgeData","All","data/stepwise/models/13-NewAgeData/model_payload.rds",""
2005,0.386164029916765,814.10425,2108.1825,90.126597,0.283360635340062,0.707275,"13-NewAgeData","13-NewAgeData","13-NewAgeData","All","data/stepwise/models/13-NewAgeData/model_payload.rds",""
2006,0.372801342806428,791.7965,2123.91,80.567204,0.323982865709872,0.7671,"13-NewAgeData","13-NewAgeData","13-NewAgeData","All","data/stepwise/models/13-NewAgeData/model_payload.rds",""
2007,0.362537744086133,783.7205,2161.7625,111.074513,0.360491730955925,0.800975,"13-NewAgeData","13-NewAgeData","13-NewAgeData","All","data/stepwise/models/13-NewAgeData/model_payload.rds",""
2008,0.346188069937668,740.76025,2139.7625,100.803595,0.447263610446897,0.8721,"13-NewAgeData","13-NewAgeData","13-NewAgeData","All","data/stepwise/models/13-NewAgeData/model_payload.rds",""
2009,0.326929896196939,678.56425,2075.565,104.047609,0.307825426912312,0.905325,"13-NewAgeData","13-NewAgeData","13-NewAgeData","All","data/stepwise/models/13-NewAgeData/model_payload.rds",""
2010,0.305102843311485,623.6325,2044.0075,82.378747,0.273633396632936,0.7559,"13-NewAgeData","13-NewAgeData","13-NewAgeData","All","data/stepwise/models/13-NewAgeData/model_payload.rds",""
2011,0.297711379452043,610.3835,2050.2525,90.640911,0.342862162680417,0.946525,"13-NewAgeData","13-NewAgeData","13-NewAgeData","All","data/stepwise/models/13-NewAgeData/model_payload.rds",""
2012,0.290630345887779,590.797,2032.8125,142.948897,0.297577878065624,0.963175,"13-NewAgeData","13-NewAgeData","13-NewAgeData","All","data/stepwise/models/13-NewAgeData/model_payload.rds",""
2013,0.284658402823976,565.8945,1987.9775,129.4002913,0.279714440267826,0.85575,"13-NewAgeData","13-NewAgeData","13-NewAgeData","All","data/stepwise/models/13-NewAgeData/model_payload.rds",""
2014,0.29184540426196,589.106,2018.555,71.058489,0.314934764625994,0.892775,"13-NewAgeData","13-NewAgeData","13-NewAgeData","All","data/stepwise/models/13-NewAgeData/model_payload.rds",""
2015,0.304112822682036,647.05325,2127.675,96.077554,0.364845155604685,0.79135,"13-NewAgeData","13-NewAgeData","13-NewAgeData","All","data/stepwise/models/13-NewAgeData/model_payload.rds",""
2016,0.309503229108111,675.8475,2183.6525,119.459014,0.484313546533124,0.8284,"13-NewAgeData","13-NewAgeData","13-NewAgeData","All","data/stepwise/models/13-NewAgeData/model_payload.rds",""
2017,0.308670207935018,662.735,2147.065,106.9103676,0.247974815592735,0.701425,"13-NewAgeData","13-NewAgeData","13-NewAgeData","All","data/stepwise/models/13-NewAgeData/model_payload.rds",""
2018,0.304567327249852,645.7505,2120.2225,86.8268471,0.300664246844757,0.821,"13-NewAgeData","13-NewAgeData","13-NewAgeData","All","data/stepwise/models/13-NewAgeData/model_payload.rds",""
2019,0.302849323188711,643.73425,2125.5925,86.810658,0.29448184869562,0.72235,"13-NewAgeData","13-NewAgeData","13-NewAgeData","All","data/stepwise/models/13-NewAgeData/model_payload.rds",""
2020,0.309258163176276,655.734,2120.345,106.915923,0.486407740107165,0.78505,"13-NewAgeData","13-NewAgeData","13-NewAgeData","All","data/stepwise/models/13-NewAgeData/model_payload.rds",""
2021,0.313997953817837,652.95325,2079.4825,82.8585841,0.436900274580112,0.779725,"13-NewAgeData","13-NewAgeData","13-NewAgeData","All","data/stepwise/models/13-NewAgeData/model_payload.rds",""
2022,0.31115625119552,630.338,2025.7925,85.112663,0.425375197755133,0.852425,"13-NewAgeData","13-NewAgeData","13-NewAgeData","All","data/stepwise/models/13-NewAgeData/model_payload.rds",""
2023,0.297555188724488,589.436,1980.93,112.394291,0.50579186705843,0.886625,"13-NewAgeData","13-NewAgeData","13-NewAgeData","All","data/stepwise/models/13-NewAgeData/model_payload.rds",""
2024,0.280418755378726,549.0445,1957.945,94.347631,0.407176257528444,0.945125,"13-NewAgeData","13-NewAgeData","13-NewAgeData","All","data/stepwise/models/13-NewAgeData/model_payload.rds",""
1952,0.996584055234198,2340.5225,2348.545,123.618431,0.00762619772431876,0.055265,"14a-REG075","14a-REG075","14a-REG075","All","data/stepwise/models/14a-REG075/model_payload.rds",""
1953,0.985363104397007,2364.6325,2399.7575,37.680327,0.00848454627223317,0.0527625,"14a-REG075","14a-REG075","14a-REG075","All","data/stepwise/models/14a-REG075/model_payload.rds",""
1954,0.977925368629198,2381.2825,2435.035,156.061432,0.00469735218741451,0.0362375,"14a-REG075","14a-REG075","14a-REG075","All","data/stepwise/models/14a-REG075/model_payload.rds",""
1955,0.970989858784907,2332.155,2401.8325,178.649806,0.00634999767216209,0.05767,"14a-REG075","14a-REG075","14a-REG075","All","data/stepwise/models/14a-REG075/model_payload.rds",""
1956,0.96349466563927,2328.875,2417.1125,83.231736,0.00949181276648579,0.0622875,"14a-REG075","14a-REG075","14a-REG075","All","data/stepwise/models/14a-REG075/model_payload.rds",""
1957,0.956758405017797,2423.835,2533.3825,62.1991307,0.0141584602161058,0.08629,"14a-REG075","14a-REG075","14a-REG075","All","data/stepwise/models/14a-REG075/model_payload.rds",""
1958,0.942792802201792,2369.6225,2513.4075,74.142951,0.0191352343949532,0.127285,"14a-REG075","14a-REG075","14a-REG075","All","data/stepwise/models/14a-REG075/model_payload.rds",""
1959,0.924913843897435,2181.955,2359.09,92.9848758,0.0121236189836335,0.11687,"14a-REG075","14a-REG075","14a-REG075","All","data/stepwise/models/14a-REG075/model_payload.rds",""
1960,0.910126826755939,1979.18,2174.62,66.5487529,0.0154854287849019,0.12119,"14a-REG075","14a-REG075","14a-REG075","All","data/stepwise/models/14a-REG075/model_payload.rds",""
1961,0.901914427746467,1885.5175,2090.5725,81.901648,0.0130676891942874,0.1226925,"14a-REG075","14a-REG075","14a-REG075","All","data/stepwise/models/14a-REG075/model_payload.rds",""
1962,0.893690277760106,1755.945,1964.825,70.1931533,0.0127691438375275,0.1168975,"14a-REG075","14a-REG075","14a-REG075","All","data/stepwise/models/14a-REG075/model_payload.rds",""
1963,0.887445691346988,1665.2275,1876.4275,72.0408202,0.0153610239384558,0.14783,"14a-REG075","14a-REG075","14a-REG075","All","data/stepwise/models/14a-REG075/model_payload.rds",""
1964,0.880646737564265,1581.45,1795.7825,83.2931964,0.0105925277800848,0.10996,"14a-REG075","14a-REG075","14a-REG075","All","data/stepwise/models/14a-REG075/model_payload.rds",""
1965,0.883432760088638,1540.8525,1744.165,61.3323764,0.0117871415763505,0.1053875,"14a-REG075","14a-REG075","14a-REG075","All","data/stepwise/models/14a-REG075/model_payload.rds",""
1966,0.885108709673636,1509.5175,1705.46,81.3618667,0.0121349572070462,0.117675,"14a-REG075","14a-REG075","14a-REG075","All","data/stepwise/models/14a-REG075/model_payload.rds",""
1967,0.882098120687683,1446.255,1639.5625,83.643754,0.0133978426151352,0.12466,"14a-REG075","14a-REG075","14a-REG075","All","data/stepwise/models/14a-REG075/model_payload.rds",""
1968,0.881309133281826,1391.64,1579.06,47.3397883,0.0123387258024635,0.09947,"14a-REG075","14a-REG075","14a-REG075","All","data/stepwise/models/14a-REG075/model_payload.rds",""
1969,0.885034293040567,1422.02,1606.74,83.6791375,0.0152923564454027,0.1289225,"14a-REG075","14a-REG075","14a-REG075","All","data/stepwise/models/14a-REG075/model_payload.rds",""
1970,0.88261115402687,1385.3575,1569.6125,76.6620587,0.0306491488506954,0.123975,"14a-REG075","14a-REG075","14a-REG075","All","data/stepwise/models/14a-REG075/model_payload.rds",""
1971,0.879525212754542,1331.92,1514.3625,51.3106809,0.0285534751407469,0.1251275,"14a-REG075","14a-REG075","14a-REG075","All","data/stepwise/models/14a-REG075/model_payload.rds",""
1972,0.873093084561665,1321.4875,1513.57,47.245966,0.0435448630961161,0.176725,"14a-REG075","14a-REG075","14a-REG075","All","data/stepwise/models/14a-REG075/model_payload.rds",""
1973,0.858721581976514,1256.2925,1462.98,117.735591,0.0349982021393141,0.1464,"14a-REG075","14a-REG075","14a-REG075","All","data/stepwise/models/14a-REG075/model_payload.rds",""
1974,0.849362850876025,1195.595,1407.6375,33.616092,0.0389139977169658,0.155125,"14a-REG075","14a-REG075","14a-REG075","All","data/stepwise/models/14a-REG075/model_payload.rds",""
1975,0.841105488379328,1189.6575,1414.3975,130.775729,0.0451422898894972,0.19525,"14a-REG075","14a-REG075","14a-REG075","All","data/stepwise/models/14a-REG075/model_payload.rds",""
1976,0.828227622484024,1190.7325,1437.6875,53.143346,0.0390093264140502,0.199975,"14a-REG075","14a-REG075","14a-REG075","All","data/stepwise/models/14a-REG075/model_payload.rds",""
1977,0.817745142826432,1217.23,1488.52,122.8565868,0.0552110018573211,0.221525,"14a-REG075","14a-REG075","14a-REG075","All","data/stepwise/models/14a-REG075/model_payload.rds",""
1978,0.813036733906482,1285.4375,1581.0325,31.2289691,0.038767757988605,0.177825,"14a-REG075","14a-REG075","14a-REG075","All","data/stepwise/models/14a-REG075/model_payload.rds",""
1979,0.805102446940784,1304.745,1620.595,38.038944,0.0712883005184814,0.2194,"14a-REG075","14a-REG075","14a-REG075","All","data/stepwise/models/14a-REG075/model_payload.rds",""
1980,0.794137744411824,1313.2775,1653.715,86.20068,0.0578981583554132,0.224625,"14a-REG075","14a-REG075","14a-REG075","All","data/stepwise/models/14a-REG075/model_payload.rds",""
1981,0.780197202315677,1223.6925,1568.44,103.259419,0.0706356696571318,0.215375,"14a-REG075","14a-REG075","14a-REG075","All","data/stepwise/models/14a-REG075/model_payload.rds",""
1982,0.769850289208422,1170.2475,1520.0975,93.952526,0.0852055263471274,0.259375,"14a-REG075","14a-REG075","14a-REG075","All","data/stepwise/models/14a-REG075/model_payload.rds",""
1983,0.760364686415107,1171.76,1541.05,90.096133,0.0989955004194142,0.265875,"14a-REG075","14a-REG075","14a-REG075","All","data/stepwise/models/14a-REG075/model_payload.rds",""
1984,0.748093496186992,1206.6,1612.9,56.674265,0.111310475126929,0.292,"14a-REG075","14a-REG075","14a-REG075","All","data/stepwise/models/14a-REG075/model_payload.rds",""
1985,0.725937060272485,1209.785,1666.515,141.32597,0.10921315501816,0.30385,"14a-REG075","14a-REG075","14a-REG075","All","data/stepwise/models/14a-REG075/model_payload.rds",""
1986,0.703943694951278,1172.4675,1665.57,57.805213,0.102542499438523,0.268875,"14a-REG075","14a-REG075","14a-REG075","All","data/stepwise/models/14a-REG075/model_payload.rds",""
1987,0.692423738817987,1208.2725,1744.99,111.342648,0.129587448677236,0.340825,"14a-REG075","14a-REG075","14a-REG075","All","data/stepwise/models/14a-REG075/model_payload.rds",""
1988,0.680020765452844,1244.4125,1829.9625,127.5989274,0.105635952241218,0.3027,"14a-REG075","14a-REG075","14a-REG075","All","data/stepwise/models/14a-REG075/model_payload.rds",""
1989,0.665980743509955,1227.4125,1843.015,100.450555,0.108214031532034,0.29945,"14a-REG075","14a-REG075","14a-REG075","All","data/stepwise/models/14a-REG075/model_payload.rds",""
1990,0.658144508714884,1286.2875,1954.415,118.213186,0.151650735203792,0.3689,"14a-REG075","14a-REG075","14a-REG075","All","data/stepwise/models/14a-REG075/model_payload.rds",""
1991,0.65078417813259,1322.2275,2031.745,53.297235,0.184006518093931,0.3363,"14a-REG075","14a-REG075","14a-REG075","All","data/stepwise/models/14a-REG075/model_payload.rds",""
1992,0.634491151834234,1311.195,2066.53,143.101371,0.200419105320156,0.423225,"14a-REG075","14a-REG075","14a-REG075","All","data/stepwise/models/14a-REG075/model_payload.rds",""
1993,0.609386910066122,1253.16,2056.4275,64.070007,0.151591237564548,0.368575,"14a-REG075","14a-REG075","14a-REG075","All","data/stepwise/models/14a-REG075/model_payload.rds",""
1994,0.58496168444143,1216.0125,2078.79,117.762984,0.16278317940357,0.425,"14a-REG075","14a-REG075","14a-REG075","All","data/stepwise/models/14a-REG075/model_payload.rds",""
1995,0.566737809105205,1195.6,2109.6175,95.038182,0.133902940735208,0.380875,"14a-REG075","14a-REG075","14a-REG075","All","data/stepwise/models/14a-REG075/model_payload.rds",""
1996,0.556378408218126,1159.0475,2083.2,134.01256,0.164603994636445,0.359325,"14a-REG075","14a-REG075","14a-REG075","All","data/stepwise/models/14a-REG075/model_payload.rds",""
1997,0.564308051106915,1204.9825,2135.3275,57.128307,0.189618996072501,0.455675,"14a-REG075","14a-REG075","14a-REG075","All","data/stepwise/models/14a-REG075/model_payload.rds",""
1998,0.55269766484459,1208.28,2186.15,137.939603,0.220471129550482,0.539425,"14a-REG075","14a-REG075","14a-REG075","All","data/stepwise/models/14a-REG075/model_payload.rds",""
1999,0.534059473426852,1171.37,2193.3325,93.090159,0.33064406368561,0.583425,"14a-REG075","14a-REG075","14a-REG075","All","data/stepwise/models/14a-REG075/model_payload.rds",""
2000,0.508840547104396,1102.5875,2166.8625,145.367878,0.265503889540962,0.56245,"14a-REG075","14a-REG075","14a-REG075","All","data/stepwise/models/14a-REG075/model_payload.rds",""
2001,0.483523250453756,1046.2875,2163.8825,74.200944,0.210615052994365,0.489775,"14a-REG075","14a-REG075","14a-REG075","All","data/stepwise/models/14a-REG075/model_payload.rds",""
2002,0.465265752711808,1037.1425,2229.14,128.160371,0.239486575801394,0.611425,"14a-REG075","14a-REG075","14a-REG075","All","data/stepwise/models/14a-REG075/model_payload.rds",""
2003,0.450710259325594,1033.6375,2293.3525,56.739722,0.267639102629859,0.563175,"14a-REG075","14a-REG075","14a-REG075","All","data/stepwise/models/14a-REG075/model_payload.rds",""
2004,0.437468917298072,1009.395,2307.3525,160.655589,0.354657930223773,0.804825,"14a-REG075","14a-REG075","14a-REG075","All","data/stepwise/models/14a-REG075/model_payload.rds",""
2005,0.417536904780268,947.3975,2269.015,71.563799,0.283019867800585,0.641425,"14a-REG075","14a-REG075","14a-REG075","All","data/stepwise/models/14a-REG075/model_payload.rds",""
2006,0.401174138137913,911.0775,2271.0275,92.344937,0.294548983810165,0.69055,"14a-REG075","14a-REG075","14a-REG075","All","data/stepwise/models/14a-REG075/model_payload.rds",""
2007,0.389529599833418,897.93,2305.165,100.844969,0.351012959160683,0.713475,"14a-REG075","14a-REG075","14a-REG075","All","data/stepwise/models/14a-REG075/model_payload.rds",""
2008,0.375638189942838,858.0675,2284.2925,92.329575,0.446236069688723,0.77625,"14a-REG075","14a-REG075","14a-REG075","All","data/stepwise/models/14a-REG075/model_payload.rds",""
2009,0.357709835807953,790.9975,2211.2825,106.573779,0.305941956231345,0.808075,"14a-REG075","14a-REG075","14a-REG075","All","data/stepwise/models/14a-REG075/model_payload.rds",""
2010,0.335503874542565,729.32,2173.805,72.289278,0.275166453078745,0.675875,"14a-REG075","14a-REG075","14a-REG075","All","data/stepwise/models/14a-REG075/model_payload.rds",""
2011,0.327563247777843,712.993,2176.6575,82.928462,0.350445947061782,0.850025,"14a-REG075","14a-REG075","14a-REG075","All","data/stepwise/models/14a-REG075/model_payload.rds",""
2012,0.319847843226504,688.646,2153.0425,138.311721,0.303320907488042,0.8747,"14a-REG075","14a-REG075","14a-REG075","All","data/stepwise/models/14a-REG075/model_payload.rds",""
2013,0.31211689050369,654.37725,2096.5775,122.316583,0.273341177133221,0.775025,"14a-REG075","14a-REG075","14a-REG075","All","data/stepwise/models/14a-REG075/model_payload.rds",""
2014,0.319450864921103,682.40375,2136.1775,67.454756,0.305750576842732,0.80295,"14a-REG075","14a-REG075","14a-REG075","All","data/stepwise/models/14a-REG075/model_payload.rds",""
2015,0.333151083655699,753.133,2260.635,87.38739,0.365571572257399,0.71105,"14a-REG075","14a-REG075","14a-REG075","All","data/stepwise/models/14a-REG075/model_payload.rds",""
2016,0.338685189484539,784.11125,2315.1625,112.592627,0.476480503625752,0.748375,"14a-REG075","14a-REG075","14a-REG075","All","data/stepwise/models/14a-REG075/model_payload.rds",""
2017,0.336851010265234,764.00925,2268.0925,101.3806434,0.248933146503967,0.63575,"14a-REG075","14a-REG075","14a-REG075","All","data/stepwise/models/14a-REG075/model_payload.rds",""
2018,0.331658144239059,741.5105,2235.7675,83.0308605,0.293534150814898,0.7461,"14a-REG075","14a-REG075","14a-REG075","All","data/stepwise/models/14a-REG075/model_payload.rds",""
2019,0.329990766637379,738.0095,2236.455,73.991174,0.299676128074927,0.65625,"14a-REG075","14a-REG075","14a-REG075","All","data/stepwise/models/14a-REG075/model_payload.rds",""
2020,0.33683893207104,751.4405,2230.86,105.361779,0.460093750320152,0.719025,"14a-REG075","14a-REG075","14a-REG075","All","data/stepwise/models/14a-REG075/model_payload.rds",""
2021,0.339876800341317,740.86175,2179.795,80.6810512,0.42061180296742,0.713875,"14a-REG075","14a-REG075","14a-REG075","All","data/stepwise/models/14a-REG075/model_payload.rds",""
2022,0.334454006263358,709.66625,2121.865,76.049608,0.431911489345121,0.781375,"14a-REG075","14a-REG075","14a-REG075","All","data/stepwise/models/14a-REG075/model_payload.rds",""
2023,0.320543958177096,664.6495,2073.505,97.9358437,0.528580814213151,0.817975,"14a-REG075","14a-REG075","14a-REG075","All","data/stepwise/models/14a-REG075/model_payload.rds",""
2024,0.302803794194014,620.42075,2048.92,90.953051,0.406475531493125,0.884725,"14a-REG075","14a-REG075","14a-REG075","All","data/stepwise/models/14a-REG075/model_payload.rds",""
1952,0.996252793816353,2139.5525,2147.6,130.183433,0.00770127034918924,0.05934,"14b-SUB075","14b-SUB075","14b-SUB075","All","data/stepwise/models/14b-SUB075/model_payload.rds",""
1953,0.984051715310945,2162.37,2197.415,40.060415,0.00862548384075529,0.056665,"14b-SUB075","14b-SUB075","14b-SUB075","All","data/stepwise/models/14b-SUB075/model_payload.rds",""
1954,0.976008240589381,2179.28,2232.85,170.705542,0.00459747023872684,0.038785,"14b-SUB075","14b-SUB075","14b-SUB075","All","data/stepwise/models/14b-SUB075/model_payload.rds",""
1955,0.968545872062224,2143.685,2213.3025,165.254332,0.00669151716200081,0.06208,"14b-SUB075","14b-SUB075","14b-SUB075","All","data/stepwise/models/14b-SUB075/model_payload.rds",""
1956,0.960211386506382,2132.6775,2221.05,86.909181,0.00976481090328436,0.06801,"14b-SUB075","14b-SUB075","14b-SUB075","All","data/stepwise/models/14b-SUB075/model_payload.rds",""
1957,0.952262960196582,2199.2275,2309.475,68.65419,0.0139574895773083,0.0944525,"14b-SUB075","14b-SUB075","14b-SUB075","All","data/stepwise/models/14b-SUB075/model_payload.rds",""
1958,0.936823809133393,2142.4575,2286.9375,133.178687,0.0168018423680443,0.1385475,"14b-SUB075","14b-SUB075","14b-SUB075","All","data/stepwise/models/14b-SUB075/model_payload.rds",""
1959,0.917102916039849,1969.1025,2147.09,40.3402971,0.0138051736171436,0.126915,"14b-SUB075","14b-SUB075","14b-SUB075","All","data/stepwise/models/14b-SUB075/model_payload.rds",""
1960,0.901542479392802,1795.0725,1991.1125,71.4442414,0.016030091842034,0.1313875,"14b-SUB075","14b-SUB075","14b-SUB075","All","data/stepwise/models/14b-SUB075/model_payload.rds",""
1961,0.892018846821232,1706.7175,1913.32,78.4784341,0.0134706225433922,0.1333775,"14b-SUB075","14b-SUB075","14b-SUB075","All","data/stepwise/models/14b-SUB075/model_payload.rds",""
1962,0.882965093222478,1591.9375,1802.945,84.2741877,0.0123958617413142,0.127545,"14b-SUB075","14b-SUB075","14b-SUB075","All","data/stepwise/models/14b-SUB075/model_payload.rds",""
1963,0.875613517217724,1506.145,1720.1025,69.3661983,0.0160410269936582,0.1612,"14b-SUB075","14b-SUB075","14b-SUB075","All","data/stepwise/models/14b-SUB075/model_payload.rds",""
1964,0.867859483609412,1426.7675,1644.0075,84.34988,0.0108375970219119,0.1195925,"14b-SUB075","14b-SUB075","14b-SUB075","All","data/stepwise/models/14b-SUB075/model_payload.rds",""
1965,0.870846573423074,1392.205,1598.68,72.1825311,0.0117720461402196,0.1151275,"14b-SUB075","14b-SUB075","14b-SUB075","All","data/stepwise/models/14b-SUB075/model_payload.rds",""
1966,0.872356852361754,1361.5375,1560.7575,106.676708,0.0115520238502873,0.128225,"14b-SUB075","14b-SUB075","14b-SUB075","All","data/stepwise/models/14b-SUB075/model_payload.rds",""
1967,0.869019167642342,1304.4825,1501.0975,67.736876,0.0142770873911146,0.13515,"14b-SUB075","14b-SUB075","14b-SUB075","All","data/stepwise/models/14b-SUB075/model_payload.rds",""
1968,0.868323802586679,1257.665,1448.3825,49.4650462,0.0126482695841846,0.1089375,"14b-SUB075","14b-SUB075","14b-SUB075","All","data/stepwise/models/14b-SUB075/model_payload.rds",""
1969,0.872039463605446,1280.76,1468.695,86.479125,0.0153458255090285,0.140055,"14b-SUB075","14b-SUB075","14b-SUB075","All","data/stepwise/models/14b-SUB075/model_payload.rds",""
1970,0.86976301569573,1249.8625,1437.015,72.9894108,0.0314121401917377,0.133825,"14b-SUB075","14b-SUB075","14b-SUB075","All","data/stepwise/models/14b-SUB075/model_payload.rds",""
1971,0.866783849622004,1204.4525,1389.565,64.7366685,0.0305131927301647,0.136675,"14b-SUB075","14b-SUB075","14b-SUB075","All","data/stepwise/models/14b-SUB075/model_payload.rds",""
1972,0.860162695394863,1193.265,1387.255,56.315967,0.043662617448782,0.191475,"14b-SUB075","14b-SUB075","14b-SUB075","All","data/stepwise/models/14b-SUB075/model_payload.rds",""
1973,0.845168429229545,1134.2435,1342.0325,115.806612,0.0357661948752077,0.15785,"14b-SUB075","14b-SUB075","14b-SUB075","All","data/stepwise/models/14b-SUB075/model_payload.rds",""
1974,0.835744907085573,1082.30825,1295.02225,37.412489,0.0413153513516652,0.168225,"14b-SUB075","14b-SUB075","14b-SUB075","All","data/stepwise/models/14b-SUB075/model_payload.rds",""
1975,0.826809757261838,1073.88325,1298.8275,145.715209,0.0438521185862631,0.211175,"14b-SUB075","14b-SUB075","14b-SUB075","All","data/stepwise/models/14b-SUB075/model_payload.rds",""
1976,0.813122315016595,1073.665,1320.4225,57.747906,0.0432091105346223,0.2172,"14b-SUB075","14b-SUB075","14b-SUB075","All","data/stepwise/models/14b-SUB075/model_payload.rds",""
1977,0.800994860195478,1088.9425,1359.4875,128.7125578,0.0518958992336023,0.240925,"14b-SUB075","14b-SUB075","14b-SUB075","All","data/stepwise/models/14b-SUB075/model_payload.rds",""
1978,0.796038787021533,1148.075,1442.235,15.4367458,0.0421355723636496,0.19315,"14b-SUB075","14b-SUB075","14b-SUB075","All","data/stepwise/models/14b-SUB075/model_payload.rds",""
1979,0.788195961412274,1168.1675,1482.0775,60.237151,0.0758417729052819,0.240225,"14b-SUB075","14b-SUB075","14b-SUB075","All","data/stepwise/models/14b-SUB075/model_payload.rds",""
1980,0.776310117770632,1175.1375,1513.7475,83.573309,0.0548396051544627,0.243375,"14b-SUB075","14b-SUB075","14b-SUB075","All","data/stepwise/models/14b-SUB075/model_payload.rds",""
1981,0.762307676335624,1101.405,1444.83,95.239315,0.0745915386701607,0.23315,"14b-SUB075","14b-SUB075","14b-SUB075","All","data/stepwise/models/14b-SUB075/model_payload.rds",""
1982,0.751850677402977,1055.10025,1403.3375,109.933076,0.0855370255715345,0.280525,"14b-SUB075","14b-SUB075","14b-SUB075","All","data/stepwise/models/14b-SUB075/model_payload.rds",""
1983,0.741616060508869,1052.0825,1418.635,91.719799,0.105396381447717,0.287675,"14b-SUB075","14b-SUB075","14b-SUB075","All","data/stepwise/models/14b-SUB075/model_payload.rds",""
1984,0.729474291031191,1081.9125,1483.14,74.045063,0.116115364884468,0.316925,"14b-SUB075","14b-SUB075","14b-SUB075","All","data/stepwise/models/14b-SUB075/model_payload.rds",""
1985,0.706770725605893,1084.9125,1535.0275,142.251495,0.110249837589149,0.327325,"14b-SUB075","14b-SUB075","14b-SUB075","All","data/stepwise/models/14b-SUB075/model_payload.rds",""
1986,0.683911316933485,1054.4425,1541.7825,58.9082,0.111430617519609,0.292375,"14b-SUB075","14b-SUB075","14b-SUB075","All","data/stepwise/models/14b-SUB075/model_payload.rds",""
1987,0.671162316171896,1078.88,1607.48,132.316295,0.134354207141661,0.371625,"14b-SUB075","14b-SUB075","14b-SUB075","All","data/stepwise/models/14b-SUB075/model_payload.rds",""
1988,0.657612527366507,1107.625,1684.3125,126.255183,0.107544989424275,0.326825,"14b-SUB075","14b-SUB075","14b-SUB075","All","data/stepwise/models/14b-SUB075/model_payload.rds",""
1989,0.642596737712113,1094.5045,1703.2525,101.743826,0.116585605706765,0.326875,"14b-SUB075","14b-SUB075","14b-SUB075","All","data/stepwise/models/14b-SUB075/model_payload.rds",""
1990,0.633638139844248,1143.17825,1804.15,118.057423,0.162593308110014,0.401975,"14b-SUB075","14b-SUB075","14b-SUB075","All","data/stepwise/models/14b-SUB075/model_payload.rds",""
1991,0.625757822056053,1174.0875,1876.265,72.075674,0.193410477023642,0.367275,"14b-SUB075","14b-SUB075","14b-SUB075","All","data/stepwise/models/14b-SUB075/model_payload.rds",""
1992,0.608825668689417,1165.58,1914.4725,147.791363,0.207655516969078,0.4581,"14b-SUB075","14b-SUB075","14b-SUB075","All","data/stepwise/models/14b-SUB075/model_payload.rds",""
1993,0.5842639269156,1118.7325,1914.7725,69.12374,0.15714053841588,0.39895,"14b-SUB075","14b-SUB075","14b-SUB075","All","data/stepwise/models/14b-SUB075/model_payload.rds",""
1994,0.559568495987774,1087.485,1943.435,147.535122,0.163660499589812,0.460225,"14b-SUB075","14b-SUB075","14b-SUB075","All","data/stepwise/models/14b-SUB075/model_payload.rds",""
1995,0.540686166703321,1069.4475,1977.945,75.405549,0.144946719931343,0.410725,"14b-SUB075","14b-SUB075","14b-SUB075","All","data/stepwise/models/14b-SUB075/model_payload.rds",""
1996,0.529734984518544,1038.07,1959.6025,148.162173,0.157761055433467,0.3883,"14b-SUB075","14b-SUB075","14b-SUB075","All","data/stepwise/models/14b-SUB075/model_payload.rds",""
1997,0.537534757865992,1078.6925,2006.74,91.663852,0.186367070972931,0.49485,"14b-SUB075","14b-SUB075","14b-SUB075","All","data/stepwise/models/14b-SUB075/model_payload.rds",""
1998,0.525717995275191,1077.07,2048.76,112.611487,0.230433245673653,0.5823,"14b-SUB075","14b-SUB075","14b-SUB075","All","data/stepwise/models/14b-SUB075/model_payload.rds",""
1999,0.508349021655958,1046.3475,2058.325,107.468066,0.337931259736971,0.6318,"14b-SUB075","14b-SUB075","14b-SUB075","All","data/stepwise/models/14b-SUB075/model_payload.rds",""
2000,0.483274539990096,985.70125,2039.63,153.744997,0.260098756682692,0.60415,"14b-SUB075","14b-SUB075","14b-SUB075","All","data/stepwise/models/14b-SUB075/model_payload.rds",""
2001,0.459341256075362,936.82075,2039.4875,89.45044,0.216962182356312,0.52785,"14b-SUB075","14b-SUB075","14b-SUB075","All","data/stepwise/models/14b-SUB075/model_payload.rds",""
2002,0.44166343608563,928.51125,2102.305,122.963348,0.253848140876628,0.65865,"14b-SUB075","14b-SUB075","14b-SUB075","All","data/stepwise/models/14b-SUB075/model_payload.rds",""
2003,0.426418068742189,923.742,2166.2825,79.071179,0.271582642179906,0.6115,"14b-SUB075","14b-SUB075","14b-SUB075","All","data/stepwise/models/14b-SUB075/model_payload.rds",""
2004,0.411356279709066,897.8365,2182.625,161.876122,0.343679527794424,0.859225,"14b-SUB075","14b-SUB075","14b-SUB075","All","data/stepwise/models/14b-SUB075/model_payload.rds",""
2005,0.391423959307153,842.62325,2152.7125,91.864848,0.290680110568525,0.690225,"14b-SUB075","14b-SUB075","14b-SUB075","All","data/stepwise/models/14b-SUB075/model_payload.rds",""
2006,0.376656004025447,812.17675,2156.2825,90.343775,0.303159098996365,0.745325,"14b-SUB075","14b-SUB075","14b-SUB075","All","data/stepwise/models/14b-SUB075/model_payload.rds",""
2007,0.365256166874747,800.8835,2192.6625,109.161519,0.362350704496292,0.77295,"14b-SUB075","14b-SUB075","14b-SUB075","All","data/stepwise/models/14b-SUB075/model_payload.rds",""
2008,0.349154942334746,761.32275,2180.4725,105.69852,0.433996977549001,0.839,"14b-SUB075","14b-SUB075","14b-SUB075","All","data/stepwise/models/14b-SUB075/model_payload.rds",""
2009,0.332726445152481,703.5875,2114.6125,108.317422,0.311115792803331,0.870525,"14b-SUB075","14b-SUB075","14b-SUB075","All","data/stepwise/models/14b-SUB075/model_payload.rds",""
2010,0.311495178778944,648.67625,2082.46,82.394282,0.271848418180036,0.7294,"14b-SUB075","14b-SUB075","14b-SUB075","All","data/stepwise/models/14b-SUB075/model_payload.rds",""
2011,0.302996940356127,631.81225,2085.21,92.321687,0.351662608359245,0.9138,"14b-SUB075","14b-SUB075","14b-SUB075","All","data/stepwise/models/14b-SUB075/model_payload.rds",""
2012,0.295651069542972,611.0775,2066.8875,147.416938,0.302282730815336,0.933425,"14b-SUB075","14b-SUB075","14b-SUB075","All","data/stepwise/models/14b-SUB075/model_payload.rds",""
2013,0.289055029036667,583.2285,2017.7075,132.0802931,0.28192916622313,0.832075,"14b-SUB075","14b-SUB075","14b-SUB075","All","data/stepwise/models/14b-SUB075/model_payload.rds",""
2014,0.29484677656036,602.78475,2044.4,73.714498,0.31865183081899,0.869675,"14b-SUB075","14b-SUB075","14b-SUB075","All","data/stepwise/models/14b-SUB075/model_payload.rds",""
2015,0.306844949585832,660.76375,2153.4125,99.524226,0.353687071837706,0.7693,"14b-SUB075","14b-SUB075","14b-SUB075","All","data/stepwise/models/14b-SUB075/model_payload.rds",""
2016,0.312404387088315,690.95025,2211.7175,121.483923,0.45390330079199,0.80355,"14b-SUB075","14b-SUB075","14b-SUB075","All","data/stepwise/models/14b-SUB075/model_payload.rds",""
2017,0.31208138613634,679.487,2177.275,106.762589,0.249717650911628,0.679075,"14b-SUB075","14b-SUB075","14b-SUB075","All","data/stepwise/models/14b-SUB075/model_payload.rds",""
2018,0.308973428198054,664.96875,2152.1875,89.344908,0.311083666641065,0.7979,"14b-SUB075","14b-SUB075","14b-SUB075","All","data/stepwise/models/14b-SUB075/model_payload.rds",""
2019,0.307350647723106,662.17775,2154.47,87.91512,0.286938144284663,0.70335,"14b-SUB075","14b-SUB075","14b-SUB075","All","data/stepwise/models/14b-SUB075/model_payload.rds",""
2020,0.312661549311372,670.5535,2144.6625,111.746473,0.475171108426041,0.767475,"14b-SUB075","14b-SUB075","14b-SUB075","All","data/stepwise/models/14b-SUB075/model_payload.rds",""
2021,0.31666617096126,665.43675,2101.3825,84.669873,0.433140489310624,0.756775,"14b-SUB075","14b-SUB075","14b-SUB075","All","data/stepwise/models/14b-SUB075/model_payload.rds",""
2022,0.315102137379073,645.9775,2050.0575,87.739562,0.430741938800671,0.82515,"14b-SUB075","14b-SUB075","14b-SUB075","All","data/stepwise/models/14b-SUB075/model_payload.rds",""
2023,0.302371442246132,608.07275,2011.0125,109.7185192,0.516100008633344,0.86125,"14b-SUB075","14b-SUB075","14b-SUB075","All","data/stepwise/models/14b-SUB075/model_payload.rds",""
2024,0.284851578115324,565.78075,1986.23,97.213869,0.414108311673738,0.931025,"14b-SUB075","14b-SUB075","14b-SUB075","All","data/stepwise/models/14b-SUB075/model_payload.rds",""
1952,0.995432884903675,1782.885,1791.065,107.88835,0.00888977575272102,0.0685875,"15-SelectivityUpdate","15-SelectivityUpdate","15-SelectivityUpdate","All","data/stepwise/models/15-SelectivityUpdate/model_payload.rds",""
1953,0.980634891597714,1795.795,1831.2575,36.499196,0.010344101315859,0.0652175,"15-SelectivityUpdate","15-SelectivityUpdate","15-SelectivityUpdate","All","data/stepwise/models/15-SelectivityUpdate/model_payload.rds",""
1954,0.970948739870842,1805.7025,1859.73,151.922665,0.00652631105282108,0.0451975,"15-SelectivityUpdate","15-SelectivityUpdate","15-SelectivityUpdate","All","data/stepwise/models/15-SelectivityUpdate/model_payload.rds",""
1955,0.961935957760527,1774.5025,1844.72,150.237323,0.0082133040626067,0.070795,"15-SelectivityUpdate","15-SelectivityUpdate","15-SelectivityUpdate","All","data/stepwise/models/15-SelectivityUpdate/model_payload.rds",""
1956,0.952286263734064,1783.925,1873.3075,75.419069,0.0109941661946201,0.07598,"15-SelectivityUpdate","15-SelectivityUpdate","15-SelectivityUpdate","All","data/stepwise/models/15-SelectivityUpdate/model_payload.rds",""
1957,0.943557639390012,1873.0775,1985.1225,51.939221,0.0168194954069304,0.1046225,"15-SelectivityUpdate","15-SelectivityUpdate","15-SelectivityUpdate","All","data/stepwise/models/15-SelectivityUpdate/model_payload.rds",""
1958,0.925843499078356,1840.85,1988.295,125.26985,0.0208792683015639,0.157455,"15-SelectivityUpdate","15-SelectivityUpdate","15-SelectivityUpdate","All","data/stepwise/models/15-SelectivityUpdate/model_payload.rds",""
1959,0.902211112422354,1681.92,1864.22,28.6881784,0.0159545946276617,0.146405,"15-SelectivityUpdate","15-SelectivityUpdate","15-SelectivityUpdate","All","data/stepwise/models/15-SelectivityUpdate/model_payload.rds",""
1960,0.882540753626237,1510.6075,1711.6575,62.512442,0.0189264429378541,0.148465,"15-SelectivityUpdate","15-SelectivityUpdate","15-SelectivityUpdate","All","data/stepwise/models/15-SelectivityUpdate/model_payload.rds",""
1961,0.872733171372093,1445.9225,1656.775,65.9749752,0.0162369886160543,0.150475,"15-SelectivityUpdate","15-SelectivityUpdate","15-SelectivityUpdate","All","data/stepwise/models/15-SelectivityUpdate/model_payload.rds",""
1962,0.862392833598572,1350.6775,1566.1975,62.9092383,0.0157765187047892,0.146225,"15-SelectivityUpdate","15-SelectivityUpdate","15-SelectivityUpdate","All","data/stepwise/models/15-SelectivityUpdate/model_payload.rds",""
1963,0.853192756431225,1271.5025,1490.2875,53.5819134,0.0207644406490307,0.188425,"15-SelectivityUpdate","15-SelectivityUpdate","15-SelectivityUpdate","All","data/stepwise/models/15-SelectivityUpdate/model_payload.rds",""
1964,0.842111058032963,1185.505,1407.7775,63.3696929,0.0143106559816189,0.1429775,"15-SelectivityUpdate","15-SelectivityUpdate","15-SelectivityUpdate","All","data/stepwise/models/15-SelectivityUpdate/model_payload.rds",""
1965,0.842798107355303,1132.4025,1343.6225,49.1030045,0.01601196716751,0.140325,"15-SelectivityUpdate","15-SelectivityUpdate","15-SelectivityUpdate","All","data/stepwise/models/15-SelectivityUpdate/model_payload.rds",""
1966,0.841765497763449,1084.88,1288.815,73.4309939,0.0163503807378303,0.160925,"15-SelectivityUpdate","15-SelectivityUpdate","15-SelectivityUpdate","All","data/stepwise/models/15-SelectivityUpdate/model_payload.rds",""
1967,0.834504905016569,1017.395,1219.16,60.0640569,0.0192188084540166,0.1719,"15-SelectivityUpdate","15-SelectivityUpdate","15-SelectivityUpdate","All","data/stepwise/models/15-SelectivityUpdate/model_payload.rds",""
1968,0.831224374152987,964.4925,1160.3275,45.6337128,0.0172230385763714,0.139125,"15-SelectivityUpdate","15-SelectivityUpdate","15-SelectivityUpdate","All","data/stepwise/models/15-SelectivityUpdate/model_payload.rds",""
1969,0.834134749910675,968.835,1161.485,84.641724,0.0186220290717797,0.17695,"15-SelectivityUpdate","15-SelectivityUpdate","15-SelectivityUpdate","All","data/stepwise/models/15-SelectivityUpdate/model_payload.rds",""
1970,0.829849832938312,935.72,1127.5775,60.854827,0.0342851614960984,0.16305,"15-SelectivityUpdate","15-SelectivityUpdate","15-SelectivityUpdate","All","data/stepwise/models/15-SelectivityUpdate/model_payload.rds",""
1971,0.829002179432449,922.41,1112.675,55.577264,0.0370877989179182,0.162525,"15-SelectivityUpdate","15-SelectivityUpdate","15-SelectivityUpdate","All","data/stepwise/models/15-SelectivityUpdate/model_payload.rds",""
1972,0.825919163869726,944.325,1143.3625,51.982604,0.0445872469053585,0.22495,"15-SelectivityUpdate","15-SelectivityUpdate","15-SelectivityUpdate","All","data/stepwise/models/15-SelectivityUpdate/model_payload.rds",""
1973,0.809780423067643,906.12,1118.97,92.515826,0.0362167019524801,0.1822,"15-SelectivityUpdate","15-SelectivityUpdate","15-SelectivityUpdate","All","data/stepwise/models/15-SelectivityUpdate/model_payload.rds",""
1974,0.802040180975733,882.3625,1100.1475,36.88248,0.048424588327614,0.193975,"15-SelectivityUpdate","15-SelectivityUpdate","15-SelectivityUpdate","All","data/stepwise/models/15-SelectivityUpdate/model_payload.rds",""
1975,0.796063962829283,894.35,1123.465,128.609496,0.0431601486114221,0.241975,"15-SelectivityUpdate","15-SelectivityUpdate","15-SelectivityUpdate","All","data/stepwise/models/15-SelectivityUpdate/model_payload.rds",""
1976,0.780385659919669,887.915,1137.79,39.919644,0.0482953125037598,0.24805,"15-SelectivityUpdate","15-SelectivityUpdate","15-SelectivityUpdate","All","data/stepwise/models/15-SelectivityUpdate/model_payload.rds",""
1977,0.769462687511201,912.4,1185.7625,112.8101863,0.0581187124120776,0.2746,"15-SelectivityUpdate","15-SelectivityUpdate","15-SelectivityUpdate","All","data/stepwise/models/15-SelectivityUpdate/model_payload.rds",""
1978,0.765589477102956,966.4725,1262.39,11.8174722,0.0468738738979712,0.223,"15-SelectivityUpdate","15-SelectivityUpdate","15-SelectivityUpdate","All","data/stepwise/models/15-SelectivityUpdate/model_payload.rds",""
1979,0.755591980834699,973.7975,1288.7875,48.411752,0.0728043769625086,0.28055,"15-SelectivityUpdate","15-SelectivityUpdate","15-SelectivityUpdate","All","data/stepwise/models/15-SelectivityUpdate/model_payload.rds",""
1980,0.740030492710097,965.91,1305.23,85.086395,0.0590913656785937,0.28665,"15-SelectivityUpdate","15-SelectivityUpdate","15-SelectivityUpdate","All","data/stepwise/models/15-SelectivityUpdate/model_payload.rds",""
1981,0.723666158229023,896.6875,1239.09,72.687563,0.0789264825971585,0.273,"15-SelectivityUpdate","15-SelectivityUpdate","15-SelectivityUpdate","All","data/stepwise/models/15-SelectivityUpdate/model_payload.rds",""
1982,0.712970177505449,857.8475,1203.2025,115.537399,0.0921099565895646,0.326175,"15-SelectivityUpdate","15-SelectivityUpdate","15-SelectivityUpdate","All","data/stepwise/models/15-SelectivityUpdate/model_payload.rds",""
1983,0.702713070334613,857.77725,1220.665,70.231061,0.110726486696772,0.3296,"15-SelectivityUpdate","15-SelectivityUpdate","15-SelectivityUpdate","All","data/stepwise/models/15-SelectivityUpdate/model_payload.rds",""
1984,0.691609302687357,889.1675,1285.65,60.716011,0.112282733674715,0.36135,"15-SelectivityUpdate","15-SelectivityUpdate","15-SelectivityUpdate","All","data/stepwise/models/15-SelectivityUpdate/model_payload.rds",""
1985,0.668360555442259,901.2675,1348.475,124.865421,0.117884652072927,0.3724,"15-SelectivityUpdate","15-SelectivityUpdate","15-SelectivityUpdate","All","data/stepwise/models/15-SelectivityUpdate/model_payload.rds",""
1986,0.645704291395736,879.58,1362.2025,59.971887,0.101699144552761,0.328275,"15-SelectivityUpdate","15-SelectivityUpdate","15-SelectivityUpdate","All","data/stepwise/models/15-SelectivityUpdate/model_payload.rds",""
1987,0.635110987577922,908.28175,1430.115,118.504169,0.112834292252317,0.41315,"15-SelectivityUpdate","15-SelectivityUpdate","15-SelectivityUpdate","All","data/stepwise/models/15-SelectivityUpdate/model_payload.rds",""
1988,0.622608446038465,943.4915,1515.385,122.919388,0.111779102401366,0.357325,"15-SelectivityUpdate","15-SelectivityUpdate","15-SelectivityUpdate","All","data/stepwise/models/15-SelectivityUpdate/model_payload.rds",""
1989,0.613794640190017,950.3275,1548.2825,90.535582,0.113200019095994,0.352875,"15-SelectivityUpdate","15-SelectivityUpdate","15-SelectivityUpdate","All","data/stepwise/models/15-SelectivityUpdate/model_payload.rds",""
1990,0.610035191418165,1014.5175,1663.0475,106.347255,0.145487019748108,0.434925,"15-SelectivityUpdate","15-SelectivityUpdate","15-SelectivityUpdate","All","data/stepwise/models/15-SelectivityUpdate/model_payload.rds",""
1991,0.599355060351224,1038.05,1731.945,50.433418,0.18741219561988,0.396325,"15-SelectivityUpdate","15-SelectivityUpdate","15-SelectivityUpdate","All","data/stepwise/models/15-SelectivityUpdate/model_payload.rds",""
1992,0.581766751970403,1025.265,1762.33,150.851072,0.188171620745511,0.498125,"15-SelectivityUpdate","15-SelectivityUpdate","15-SelectivityUpdate","All","data/stepwise/models/15-SelectivityUpdate/model_payload.rds",""
1993,0.557160605827193,976.50475,1752.645,58.076861,0.13805698569953,0.435525,"15-SelectivityUpdate","15-SelectivityUpdate","15-SelectivityUpdate","All","data/stepwise/models/15-SelectivityUpdate/model_payload.rds",""
1994,0.535839240908235,953.52325,1779.495,117.729281,0.160566090588038,0.4981,"15-SelectivityUpdate","15-SelectivityUpdate","15-SelectivityUpdate","All","data/stepwise/models/15-SelectivityUpdate/model_payload.rds",""
1995,0.518570366339472,936.2775,1805.4975,83.322339,0.157683079217287,0.44625,"15-SelectivityUpdate","15-SelectivityUpdate","15-SelectivityUpdate","All","data/stepwise/models/15-SelectivityUpdate/model_payload.rds",""
1996,0.511021022954748,912.635,1785.905,136.473032,0.168143442657358,0.427575,"15-SelectivityUpdate","15-SelectivityUpdate","15-SelectivityUpdate","All","data/stepwise/models/15-SelectivityUpdate/model_payload.rds",""
1997,0.514979920838991,935.8125,1817.1825,50.222858,0.222792456786984,0.5445,"15-SelectivityUpdate","15-SelectivityUpdate","15-SelectivityUpdate","All","data/stepwise/models/15-SelectivityUpdate/model_payload.rds",""
1998,0.497788896367357,920.7875,1849.755,140.70203,0.218264921086749,0.6464,"15-SelectivityUpdate","15-SelectivityUpdate","15-SelectivityUpdate","All","data/stepwise/models/15-SelectivityUpdate/model_payload.rds",""
1999,0.476485640331658,887.2925,1862.16,69.353827,0.314166358958044,0.69735,"15-SelectivityUpdate","15-SelectivityUpdate","15-SelectivityUpdate","All","data/stepwise/models/15-SelectivityUpdate/model_payload.rds",""
2000,0.44772805196418,829.2125,1852.045,166.31885,0.268997821546898,0.670925,"15-SelectivityUpdate","15-SelectivityUpdate","15-SelectivityUpdate","All","data/stepwise/models/15-SelectivityUpdate/model_payload.rds",""
2001,0.425578517743727,789.3375,1854.74,87.228211,0.19782765219595,0.574225,"15-SelectivityUpdate","15-SelectivityUpdate","15-SelectivityUpdate","All","data/stepwise/models/15-SelectivityUpdate/model_payload.rds",""
2002,0.412284064583652,788.8365,1913.3325,109.446002,0.222576803092759,0.71215,"15-SelectivityUpdate","15-SelectivityUpdate","15-SelectivityUpdate","All","data/stepwise/models/15-SelectivityUpdate/model_payload.rds",""
2003,0.400593964597755,799.04375,1994.6475,68.767149,0.257971766467456,0.64835,"15-SelectivityUpdate","15-SelectivityUpdate","15-SelectivityUpdate","All","data/stepwise/models/15-SelectivityUpdate/model_payload.rds",""
2004,0.392124174855345,793.91225,2024.645,152.50056,0.308867938553912,0.910575,"15-SelectivityUpdate","15-SelectivityUpdate","15-SelectivityUpdate","All","data/stepwise/models/15-SelectivityUpdate/model_payload.rds",""
2005,0.372014971476068,745.199,2003.1425,79.173501,0.275874995826769,0.73075,"15-SelectivityUpdate","15-SelectivityUpdate","15-SelectivityUpdate","All","data/stepwise/models/15-SelectivityUpdate/model_payload.rds",""
2006,0.358673528920964,714.67225,1992.5425,87.920791,0.271107384417568,0.792575,"15-SelectivityUpdate","15-SelectivityUpdate","15-SelectivityUpdate","All","data/stepwise/models/15-SelectivityUpdate/model_payload.rds",""
2007,0.348223985754008,707.888,2032.8525,105.75298,0.316522681918217,0.811575,"15-SelectivityUpdate","15-SelectivityUpdate","15-SelectivityUpdate","All","data/stepwise/models/15-SelectivityUpdate/model_payload.rds",""
2008,0.334938039116638,676.31275,2019.2175,94.056996,0.41850975479497,0.868525,"15-SelectivityUpdate","15-SelectivityUpdate","15-SelectivityUpdate","All","data/stepwise/models/15-SelectivityUpdate/model_payload.rds",""
2009,0.319874513626084,630.132,1969.935,110.227483,0.327252388789628,0.892675,"15-SelectivityUpdate","15-SelectivityUpdate","15-SelectivityUpdate","All","data/stepwise/models/15-SelectivityUpdate/model_payload.rds",""
2010,0.304372039644745,594.084,1951.835,81.770036,0.257492759873591,0.73975,"15-SelectivityUpdate","15-SelectivityUpdate","15-SelectivityUpdate","All","data/stepwise/models/15-SelectivityUpdate/model_payload.rds",""
2011,0.300457857380292,589.783,1962.9475,81.708413,0.303660373119591,0.914,"15-SelectivityUpdate","15-SelectivityUpdate","15-SelectivityUpdate","All","data/stepwise/models/15-SelectivityUpdate/model_payload.rds",""
2012,0.293799669485462,576.9065,1963.605,142.14021,0.312358664099764,0.9369,"15-SelectivityUpdate","15-SelectivityUpdate","15-SelectivityUpdate","All","data/stepwise/models/15-SelectivityUpdate/model_payload.rds",""
2013,0.285970293853708,550.49925,1925.0225,124.043795,0.270798026041346,0.836275,"15-SelectivityUpdate","15-SelectivityUpdate","15-SelectivityUpdate","All","data/stepwise/models/15-SelectivityUpdate/model_payload.rds",""
2014,0.292281000292153,570.249,1951.03,69.097799,0.349563635332914,0.88155,"15-SelectivityUpdate","15-SelectivityUpdate","15-SelectivityUpdate","All","data/stepwise/models/15-SelectivityUpdate/model_payload.rds",""
2015,0.303961937968663,625.06125,2056.38,92.374953,0.343851232914527,0.78755,"15-SelectivityUpdate","15-SelectivityUpdate","15-SelectivityUpdate","All","data/stepwise/models/15-SelectivityUpdate/model_payload.rds",""
2016,0.306257661861274,644.54375,2104.58,109.945115,0.524648231036834,0.830875,"15-SelectivityUpdate","15-SelectivityUpdate","15-SelectivityUpdate","All","data/stepwise/models/15-SelectivityUpdate/model_payload.rds",""
2017,0.302146580431957,623.55425,2063.7475,104.13359,0.281136621978249,0.71525,"15-SelectivityUpdate","15-SelectivityUpdate","15-SelectivityUpdate","All","data/stepwise/models/15-SelectivityUpdate/model_payload.rds",""
2018,0.295598856269565,599.6075,2028.45,85.253521,0.315447904954786,0.845875,"15-SelectivityUpdate","15-SelectivityUpdate","15-SelectivityUpdate","All","data/stepwise/models/15-SelectivityUpdate/model_payload.rds",""
2019,0.28947767478964,586.049,2024.505,92.476088,0.245258727611364,0.745025,"15-SelectivityUpdate","15-SelectivityUpdate","15-SelectivityUpdate","All","data/stepwise/models/15-SelectivityUpdate/model_payload.rds",""
2020,0.293674686148549,594.52825,2024.445,97.733831,0.380133721503712,0.78755,"15-SelectivityUpdate","15-SelectivityUpdate","15-SelectivityUpdate","All","data/stepwise/models/15-SelectivityUpdate/model_payload.rds",""
2021,0.300687387888523,601.3635,1999.9625,89.585841,0.356857945950093,0.761025,"15-SelectivityUpdate","15-SelectivityUpdate","15-SelectivityUpdate","All","data/stepwise/models/15-SelectivityUpdate/model_payload.rds",""
2022,0.304525613092825,601.01175,1973.6,78.44352,0.423540897158308,0.809725,"15-SelectivityUpdate","15-SelectivityUpdate","15-SelectivityUpdate","All","data/stepwise/models/15-SelectivityUpdate/model_payload.rds",""
2023,0.301324192554511,584.3565,1939.295,111.925364,0.471799260437401,0.8441,"15-SelectivityUpdate","15-SelectivityUpdate","15-SelectivityUpdate","All","data/stepwise/models/15-SelectivityUpdate/model_payload.rds",""
2024,0.288288895155142,552.079,1915.02,87.377063,0.364391350736703,0.9045,"15-SelectivityUpdate","15-SelectivityUpdate","15-SelectivityUpdate","All","data/stepwise/models/15-SelectivityUpdate/model_payload.rds",""
1952,0.994715479130941,1580.6775,1589.075,96.056554,0.00990924543781898,0.0752125,"16-MIX020","16-MIX020","16-MIX020","All","data/stepwise/models/16-MIX020/model_payload.rds",""
1953,0.977729802208414,1589.62,1625.8275,32.082191,0.011538461956178,0.0713375,"16-MIX020","16-MIX020","16-MIX020","All","data/stepwise/models/16-MIX020/model_payload.rds",""
1954,0.966883889304232,1597.21,1651.915,136.541477,0.0074145420872038,0.0487875,"16-MIX020","16-MIX020","16-MIX020","All","data/stepwise/models/16-MIX020/model_payload.rds",""
1955,0.956950937783819,1569.945,1640.57,131.942796,0.00933863187379903,0.0767325,"16-MIX020","16-MIX020","16-MIX020","All","data/stepwise/models/16-MIX020/model_payload.rds",""
1956,0.94620801644214,1579.11,1668.8825,65.871295,0.0127619193006715,0.0825925,"16-MIX020","16-MIX020","16-MIX020","All","data/stepwise/models/16-MIX020/model_payload.rds",""
1957,0.936243707468295,1651.995,1764.4925,49.4887195,0.0188258120228933,0.1142325,"16-MIX020","16-MIX020","16-MIX020","All","data/stepwise/models/16-MIX020/model_payload.rds",""
1958,0.915946259443144,1612.86,1760.8675,123.7493524,0.023538841944837,0.17165,"16-MIX020","16-MIX020","16-MIX020","All","data/stepwise/models/16-MIX020/model_payload.rds",""
1959,0.889364501954971,1469.975,1652.8375,16.286477,0.0180059126929941,0.15856,"16-MIX020","16-MIX020","16-MIX020","All","data/stepwise/models/16-MIX020/model_payload.rds",""
1960,0.8677504472932,1322.84,1524.4475,57.8678336,0.0215381797150494,0.160945,"16-MIX020","16-MIX020","16-MIX020","All","data/stepwise/models/16-MIX020/model_payload.rds",""
1961,0.857713417251112,1274.0325,1485.3825,63.2139106,0.0176419592819777,0.160675,"16-MIX020","16-MIX020","16-MIX020","All","data/stepwise/models/16-MIX020/model_payload.rds",""
1962,0.846973083242205,1194.7,1410.5525,62.7636501,0.0169555596313212,0.155025,"16-MIX020","16-MIX020","16-MIX020","All","data/stepwise/models/16-MIX020/model_payload.rds",""
1963,0.83823646052566,1136.0975,1355.3425,53.8383398,0.021744299940611,0.19735,"16-MIX020","16-MIX020","16-MIX020","All","data/stepwise/models/16-MIX020/model_payload.rds",""
1964,0.827465285904114,1069.5175,1292.5225,67.0392062,0.0143292410694094,0.147465,"16-MIX020","16-MIX020","16-MIX020","All","data/stepwise/models/16-MIX020/model_payload.rds",""
1965,0.8302207674239,1037.365,1249.505,47.1734914,0.0164192978927694,0.14155,"16-MIX020","16-MIX020","16-MIX020","All","data/stepwise/models/16-MIX020/model_payload.rds",""
1966,0.832061819142552,1015.6625,1220.6575,72.8209176,0.0167236809927589,0.159275,"16-MIX020","16-MIX020","16-MIX020","All","data/stepwise/models/16-MIX020/model_payload.rds",""
1967,0.826844319176649,968.09,1170.825,62.6733241,0.0189391761414984,0.170325,"16-MIX020","16-MIX020","16-MIX020","All","data/stepwise/models/16-MIX020/model_payload.rds",""
1968,0.824449980076178,925.88,1123.0275,42.496564,0.0181552071632004,0.1386,"16-MIX020","16-MIX020","16-MIX020","All","data/stepwise/models/16-MIX020/model_payload.rds",""
1969,0.827516120299818,932.35,1126.685,70.043831,0.0206292497389362,0.178,"16-MIX020","16-MIX020","16-MIX020","All","data/stepwise/models/16-MIX020/model_payload.rds",""
1970,0.823200056606659,901.6325,1095.2775,51.2387993,0.0402740035688332,0.166925,"16-MIX020","16-MIX020","16-MIX020","All","data/stepwise/models/16-MIX020/model_payload.rds",""
1971,0.82008473721376,873.92125,1065.6475,49.8701171,0.042531345714278,0.1712,"16-MIX020","16-MIX020","16-MIX020","All","data/stepwise/models/16-MIX020/model_payload.rds",""
1972,0.812610758161251,868.494,1068.77,47.63302,0.0507249569394043,0.241125,"16-MIX020","16-MIX020","16-MIX020","All","data/stepwise/models/16-MIX020/model_payload.rds",""
1973,0.792592912091627,817.72425,1031.70775,84.917007,0.0428679128566942,0.1952,"16-MIX020","16-MIX020","16-MIX020","All","data/stepwise/models/16-MIX020/model_payload.rds",""
1974,0.782803669465023,785.22175,1003.089,31.784102,0.0555113704781892,0.205525,"16-MIX020","16-MIX020","16-MIX020","All","data/stepwise/models/16-MIX020/model_payload.rds",""
1975,0.775407129878038,792.658,1022.2475,119.304526,0.0496354139455066,0.258775,"16-MIX020","16-MIX020","16-MIX020","All","data/stepwise/models/16-MIX020/model_payload.rds",""
1976,0.759996273567892,795.395,1046.5775,33.928966,0.0560237084693948,0.26165,"16-MIX020","16-MIX020","16-MIX020","All","data/stepwise/models/16-MIX020/model_payload.rds",""
1977,0.74755392828221,814.6525,1089.7575,103.4369908,0.0647142495772741,0.2924,"16-MIX020","16-MIX020","16-MIX020","All","data/stepwise/models/16-MIX020/model_payload.rds",""
1978,0.742844464166852,862.11,1160.5525,9.989858,0.0539205867104305,0.237525,"16-MIX020","16-MIX020","16-MIX020","All","data/stepwise/models/16-MIX020/model_payload.rds",""
1979,0.731744733936293,868.12,1186.37,44.225487,0.0777679478231928,0.30315,"16-MIX020","16-MIX020","16-MIX020","All","data/stepwise/models/16-MIX020/model_payload.rds",""
1980,0.713181744111711,853.4325,1196.655,83.830041,0.0711830763319987,0.31005,"16-MIX020","16-MIX020","16-MIX020","All","data/stepwise/models/16-MIX020/model_payload.rds",""
1981,0.694519190135781,784.76675,1129.9425,67.67982,0.0859813421872747,0.290975,"16-MIX020","16-MIX020","16-MIX020","All","data/stepwise/models/16-MIX020/model_payload.rds",""
1982,0.683307887228942,749.65025,1097.09,102.520609,0.103886932109235,0.347525,"16-MIX020","16-MIX020","16-MIX020","All","data/stepwise/models/16-MIX020/model_payload.rds",""
1983,0.675395377872168,760.0545,1125.3475,67.659098,0.132193651107443,0.351125,"16-MIX020","16-MIX020","16-MIX020","All","data/stepwise/models/16-MIX020/model_payload.rds",""
1984,0.663845650834635,789.3075,1188.9925,48.071931,0.14517588445575,0.386125,"16-MIX020","16-MIX020","16-MIX020","All","data/stepwise/models/16-MIX020/model_payload.rds",""
1985,0.638305554608313,795.525,1246.3075,117.810587,0.145108404048461,0.40325,"16-MIX020","16-MIX020","16-MIX020","All","data/stepwise/models/16-MIX020/model_payload.rds",""
1986,0.61178744805084,770.635,1259.645,47.906786,0.135562860174658,0.36105,"16-MIX020","16-MIX020","16-MIX020","All","data/stepwise/models/16-MIX020/model_payload.rds",""
1987,0.594956786635924,779.2625,1309.78,113.611814,0.160943652472549,0.460075,"16-MIX020","16-MIX020","16-MIX020","All","data/stepwise/models/16-MIX020/model_payload.rds",""
1988,0.578952601562259,799.17025,1380.3725,102.146034,0.139996002934529,0.4043,"16-MIX020","16-MIX020","16-MIX020","All","data/stepwise/models/16-MIX020/model_payload.rds",""
1989,0.563602132942507,792.18225,1405.57,89.550108,0.135461535709905,0.39975,"16-MIX020","16-MIX020","16-MIX020","All","data/stepwise/models/16-MIX020/model_payload.rds",""
1990,0.553606585583012,828.529,1496.6025,96.944195,0.198920836104555,0.4888,"16-MIX020","16-MIX020","16-MIX020","All","data/stepwise/models/16-MIX020/model_payload.rds",""
1991,0.546225706858106,856.74,1568.4725,53.862438,0.235014504519997,0.4459,"16-MIX020","16-MIX020","16-MIX020","All","data/stepwise/models/16-MIX020/model_payload.rds",""
1992,0.529178292746102,852.96,1611.8575,133.288017,0.237049532714038,0.559925,"16-MIX020","16-MIX020","16-MIX020","All","data/stepwise/models/16-MIX020/model_payload.rds",""
1993,0.502198676314997,812.8525,1618.5875,56.384833,0.180037433190179,0.491225,"16-MIX020","16-MIX020","16-MIX020","All","data/stepwise/models/16-MIX020/model_payload.rds",""
1994,0.475904117344391,783.87,1647.1175,116.53985,0.196443679315252,0.560175,"16-MIX020","16-MIX020","16-MIX020","All","data/stepwise/models/16-MIX020/model_payload.rds",""
1995,0.457412112251182,768.77025,1680.695,74.03276,0.188716682095725,0.49775,"16-MIX020","16-MIX020","16-MIX020","All","data/stepwise/models/16-MIX020/model_payload.rds",""
1996,0.450254378474565,754.0275,1674.67,127.098315,0.195657314625424,0.473225,"16-MIX020","16-MIX020","16-MIX020","All","data/stepwise/models/16-MIX020/model_payload.rds",""
1997,0.458798372720475,786.9,1715.1325,56.455702,0.244558079796868,0.600475,"16-MIX020","16-MIX020","16-MIX020","All","data/stepwise/models/16-MIX020/model_payload.rds",""
1998,0.444330928117092,779.5875,1754.52,126.01708,0.275336633776283,0.708925,"16-MIX020","16-MIX020","16-MIX020","All","data/stepwise/models/16-MIX020/model_payload.rds",""
1999,0.424888730840114,752.735,1771.605,90.047138,0.382077817773143,0.76725,"16-MIX020","16-MIX020","16-MIX020","All","data/stepwise/models/16-MIX020/model_payload.rds",""
2000,0.398798274053927,706.3525,1771.2025,131.495812,0.301237229172883,0.7455,"16-MIX020","16-MIX020","16-MIX020","All","data/stepwise/models/16-MIX020/model_payload.rds",""
2001,0.373138566495528,665.90775,1784.6125,82.477617,0.247061835664728,0.648,"16-MIX020","16-MIX020","16-MIX020","All","data/stepwise/models/16-MIX020/model_payload.rds",""
2002,0.355389379320247,655.90575,1845.5975,104.284809,0.292643774855331,0.8076,"16-MIX020","16-MIX020","16-MIX020","All","data/stepwise/models/16-MIX020/model_payload.rds",""
2003,0.341214765356283,649.52875,1903.5775,68.962381,0.306142666005633,0.743675,"16-MIX020","16-MIX020","16-MIX020","All","data/stepwise/models/16-MIX020/model_payload.rds",""
2004,0.329488940690553,634.9985,1927.2225,151.220126,0.405032796557773,1.04145,"16-MIX020","16-MIX020","16-MIX020","All","data/stepwise/models/16-MIX020/model_payload.rds",""
2005,0.311540660367115,595.34875,1910.9825,77.244949,0.297342136892016,0.823825,"16-MIX020","16-MIX020","16-MIX020","All","data/stepwise/models/16-MIX020/model_payload.rds",""
2006,0.297621866115275,575.7495,1934.5,77.043084,0.363744070691441,0.880725,"16-MIX020","16-MIX020","16-MIX020","All","data/stepwise/models/16-MIX020/model_payload.rds",""
2007,0.289459412462923,574.3005,1984.045,101.8328089,0.464826766125734,0.921375,"16-MIX020","16-MIX020","16-MIX020","All","data/stepwise/models/16-MIX020/model_payload.rds",""
2008,0.28045853695785,550.93275,1964.4,87.5448049,0.473472937899845,1.009925,"16-MIX020","16-MIX020","16-MIX020","All","data/stepwise/models/16-MIX020/model_payload.rds",""
2009,0.260343995242674,500.18525,1921.2475,103.335262,0.379832340534233,1.066875,"16-MIX020","16-MIX020","16-MIX020","All","data/stepwise/models/16-MIX020/model_payload.rds",""
2010,0.238181068651379,453.54975,1904.2225,78.095447,0.298536951680534,0.88945,"16-MIX020","16-MIX020","16-MIX020","All","data/stepwise/models/16-MIX020/model_payload.rds",""
2011,0.230824328512668,439.3995,1903.61,82.009601,0.393293024081304,1.100525,"16-MIX020","16-MIX020","16-MIX020","All","data/stepwise/models/16-MIX020/model_payload.rds",""
2012,0.224550896630362,427.34225,1903.0975,130.054408,0.344780913446727,1.127425,"16-MIX020","16-MIX020","16-MIX020","All","data/stepwise/models/16-MIX020/model_payload.rds",""
2013,0.217988095493103,407.06225,1867.36,113.719367,0.302689056735377,0.992975,"16-MIX020","16-MIX020","16-MIX020","All","data/stepwise/models/16-MIX020/model_payload.rds",""
2014,0.224870004320019,426.83475,1898.14,69.034824,0.366485490519548,1.030425,"16-MIX020","16-MIX020","16-MIX020","All","data/stepwise/models/16-MIX020/model_payload.rds",""
2015,0.237821569776869,476.6955,2004.425,87.972686,0.351141668294747,0.9154,"16-MIX020","16-MIX020","16-MIX020","All","data/stepwise/models/16-MIX020/model_payload.rds",""
2016,0.242858653353006,499.56875,2057.035,102.424782,0.508580648600588,0.95855,"16-MIX020","16-MIX020","16-MIX020","All","data/stepwise/models/16-MIX020/model_payload.rds",""
2017,0.242542212379996,491.76525,2027.545,98.370482,0.28613947194894,0.818425,"16-MIX020","16-MIX020","16-MIX020","All","data/stepwise/models/16-MIX020/model_payload.rds",""
2018,0.239590899875097,478.596,1997.555,80.152518,0.342976955275408,0.9552,"16-MIX020","16-MIX020","16-MIX020","All","data/stepwise/models/16-MIX020/model_payload.rds",""
2019,0.23744496876071,472.8675,1991.4825,72.12623,0.291047276630536,0.84165,"16-MIX020","16-MIX020","16-MIX020","All","data/stepwise/models/16-MIX020/model_payload.rds",""
2020,0.243474482560585,483.3005,1985.015,95.4459014,0.452635366876726,0.9015,"16-MIX020","16-MIX020","16-MIX020","All","data/stepwise/models/16-MIX020/model_payload.rds",""
2021,0.249833246945004,485.6115,1943.7425,88.92412,0.412457388031204,0.89355,"16-MIX020","16-MIX020","16-MIX020","All","data/stepwise/models/16-MIX020/model_payload.rds",""
2022,0.24865992739634,474.0055,1906.24,69.220392,0.4977483236439,0.979175,"16-MIX020","16-MIX020","16-MIX020","All","data/stepwise/models/16-MIX020/model_payload.rds",""
2023,0.238631824099757,442.64175,1854.915,103.194663,0.522124480047813,1.0287,"16-MIX020","16-MIX020","16-MIX020","All","data/stepwise/models/16-MIX020/model_payload.rds",""
2024,0.221824181810467,405.16575,1826.5175,81.294056,0.398431522761926,1.10085,"16-MIX020","16-MIX020","16-MIX020","All","data/stepwise/models/16-MIX020/model_payload.rds",""
1952,0.996581339813147,2378.74,2386.9,144.939715,0.00668274838226782,0.0510075,"17-TagReportingExclusion","17-TagReportingExclusion","17-TagReportingExclusion","All","data/stepwise/models/17-TagReportingExclusion/model_payload.rds",""
1953,0.985447068432246,2407.0875,2442.635,51.363579,0.00767860616080528,0.0482625,"17-TagReportingExclusion","17-TagReportingExclusion","17-TagReportingExclusion","All","data/stepwise/models/17-TagReportingExclusion/model_payload.rds",""
1954,0.978184264512016,2428.2275,2482.3825,201.889706,0.00496088227599985,0.032875,"17-TagReportingExclusion","17-TagReportingExclusion","17-TagReportingExclusion","All","data/stepwise/models/17-TagReportingExclusion/model_payload.rds",""
1955,0.97157281994261,2396.3625,2466.4775,185.228273,0.00642468118083431,0.05209,"17-TagReportingExclusion","17-TagReportingExclusion","17-TagReportingExclusion","All","data/stepwise/models/17-TagReportingExclusion/model_payload.rds",""
1956,0.964220204601789,2408.88,2498.2675,95.217849,0.00870673217688948,0.0565825,"17-TagReportingExclusion","17-TagReportingExclusion","17-TagReportingExclusion","All","data/stepwise/models/17-TagReportingExclusion/model_payload.rds",""
1957,0.957136241460143,2506.01,2618.2375,73.286315,0.0127921919585909,0.0785375,"17-TagReportingExclusion","17-TagReportingExclusion","17-TagReportingExclusion","All","data/stepwise/models/17-TagReportingExclusion/model_payload.rds",""
1958,0.943093804614781,2449.9125,2597.74,176.947515,0.016017732490087,0.1176875,"17-TagReportingExclusion","17-TagReportingExclusion","17-TagReportingExclusion","All","data/stepwise/models/17-TagReportingExclusion/model_payload.rds",""
1959,0.924776576309682,2247.54,2430.36,25.90892,0.0122647759015974,0.1083875,"17-TagReportingExclusion","17-TagReportingExclusion","17-TagReportingExclusion","All","data/stepwise/models/17-TagReportingExclusion/model_payload.rds",""
1960,0.909788423117968,2033.2725,2234.885,82.147436,0.0146642267738932,0.109615,"17-TagReportingExclusion","17-TagReportingExclusion","17-TagReportingExclusion","All","data/stepwise/models/17-TagReportingExclusion/model_payload.rds",""
1961,0.90260454393131,1959.48,2170.9175,90.0700815,0.0121649913633627,0.109505,"17-TagReportingExclusion","17-TagReportingExclusion","17-TagReportingExclusion","All","data/stepwise/models/17-TagReportingExclusion/model_payload.rds",""
1962,0.894895297040852,1837.71,2053.5475,90.2963348,0.0115204155098286,0.106055,"17-TagReportingExclusion","17-TagReportingExclusion","17-TagReportingExclusion","All","data/stepwise/models/17-TagReportingExclusion/model_payload.rds",""
1963,0.888326431411113,1743.445,1962.6175,76.6979971,0.0150276213614167,0.1354325,"17-TagReportingExclusion","17-TagReportingExclusion","17-TagReportingExclusion","All","data/stepwise/models/17-TagReportingExclusion/model_payload.rds",""
1964,0.880615919932553,1642.505,1865.1775,93.881622,0.0100468510138439,0.101505,"17-TagReportingExclusion","17-TagReportingExclusion","17-TagReportingExclusion","All","data/stepwise/models/17-TagReportingExclusion/model_payload.rds",""
1965,0.882141887517491,1583.985,1795.6125,67.5531143,0.011439524290076,0.0979225,"17-TagReportingExclusion","17-TagReportingExclusion","17-TagReportingExclusion","All","data/stepwise/models/17-TagReportingExclusion/model_payload.rds",""
1966,0.882984106687462,1539.9,1743.9725,102.963415,0.0116393521069474,0.11045,"17-TagReportingExclusion","17-TagReportingExclusion","17-TagReportingExclusion","All","data/stepwise/models/17-TagReportingExclusion/model_payload.rds",""
1967,0.879106521683695,1465.1475,1666.6325,86.555564,0.0134583482359488,0.11853,"17-TagReportingExclusion","17-TagReportingExclusion","17-TagReportingExclusion","All","data/stepwise/models/17-TagReportingExclusion/model_payload.rds",""
1968,0.877189594813105,1396.9025,1592.475,65.504058,0.0124628193211453,0.0964825,"17-TagReportingExclusion","17-TagReportingExclusion","17-TagReportingExclusion","All","data/stepwise/models/17-TagReportingExclusion/model_payload.rds",""
1969,0.879199067850906,1399.7025,1592.02,93.734249,0.0145300405357244,0.12344,"17-TagReportingExclusion","17-TagReportingExclusion","17-TagReportingExclusion","All","data/stepwise/models/17-TagReportingExclusion/model_payload.rds",""
1970,0.87637086156903,1356.2825,1547.6125,75.0089164,0.02784637026387,0.115745,"17-TagReportingExclusion","17-TagReportingExclusion","17-TagReportingExclusion","All","data/stepwise/models/17-TagReportingExclusion/model_payload.rds",""
1971,0.87426140156837,1316.1,1505.385,69.225826,0.029389219619246,0.11862,"17-TagReportingExclusion","17-TagReportingExclusion","17-TagReportingExclusion","All","data/stepwise/models/17-TagReportingExclusion/model_payload.rds",""
1972,0.869036265861347,1312.21,1509.96,69.541772,0.0359916184658267,0.1667,"17-TagReportingExclusion","17-TagReportingExclusion","17-TagReportingExclusion","All","data/stepwise/models/17-TagReportingExclusion/model_payload.rds",""
1973,0.854778994699173,1243.2675,1454.49,114.960737,0.0306155996536517,0.1351,"17-TagReportingExclusion","17-TagReportingExclusion","17-TagReportingExclusion","All","data/stepwise/models/17-TagReportingExclusion/model_payload.rds",""
1974,0.847289627156391,1194.6,1409.9075,46.019294,0.0382081369666231,0.143625,"17-TagReportingExclusion","17-TagReportingExclusion","17-TagReportingExclusion","All","data/stepwise/models/17-TagReportingExclusion/model_payload.rds",""
1975,0.840999393308154,1199.0675,1425.765,164.069248,0.0348662495192754,0.180525,"17-TagReportingExclusion","17-TagReportingExclusion","17-TagReportingExclusion","All","data/stepwise/models/17-TagReportingExclusion/model_payload.rds",""
1976,0.829219444008763,1202.76,1450.4725,50.551216,0.038734643178205,0.1837,"17-TagReportingExclusion","17-TagReportingExclusion","17-TagReportingExclusion","All","data/stepwise/models/17-TagReportingExclusion/model_payload.rds",""
1977,0.819504929899738,1231.1525,1502.3125,139.4444803,0.045353076396705,0.205075,"17-TagReportingExclusion","17-TagReportingExclusion","17-TagReportingExclusion","All","data/stepwise/models/17-TagReportingExclusion/model_payload.rds",""
1978,0.815910292962454,1303.535,1597.645,14.9950341,0.0376946881391009,0.16605,"17-TagReportingExclusion","17-TagReportingExclusion","17-TagReportingExclusion","All","data/stepwise/models/17-TagReportingExclusion/model_payload.rds",""
1979,0.807591739529402,1315.7325,1629.205,64.152032,0.0563071184838086,0.210375,"17-TagReportingExclusion","17-TagReportingExclusion","17-TagReportingExclusion","All","data/stepwise/models/17-TagReportingExclusion/model_payload.rds",""
1980,0.794239052678041,1304.5575,1642.525,107.683831,0.0474639687963384,0.21285,"17-TagReportingExclusion","17-TagReportingExclusion","17-TagReportingExclusion","All","data/stepwise/models/17-TagReportingExclusion/model_payload.rds",""
1981,0.780746159896922,1213.4025,1554.1575,92.766462,0.0611427656805088,0.201325,"17-TagReportingExclusion","17-TagReportingExclusion","17-TagReportingExclusion","All","data/stepwise/models/17-TagReportingExclusion/model_payload.rds",""
1982,0.77171804483157,1160.635,1503.9625,135.193446,0.0742762827395952,0.242275,"17-TagReportingExclusion","17-TagReportingExclusion","17-TagReportingExclusion","All","data/stepwise/models/17-TagReportingExclusion/model_payload.rds",""
1983,0.764032283423301,1166.28,1526.48,87.928916,0.0923527733236465,0.24615,"17-TagReportingExclusion","17-TagReportingExclusion","17-TagReportingExclusion","All","data/stepwise/models/17-TagReportingExclusion/model_payload.rds",""
1984,0.753416931435769,1202.25,1595.73,64.294295,0.102000015449873,0.27065,"17-TagReportingExclusion","17-TagReportingExclusion","17-TagReportingExclusion","All","data/stepwise/models/17-TagReportingExclusion/model_payload.rds",""
1985,0.73263574455754,1213.5525,1656.42,152.253562,0.103854604281834,0.28195,"17-TagReportingExclusion","17-TagReportingExclusion","17-TagReportingExclusion","All","data/stepwise/models/17-TagReportingExclusion/model_payload.rds",""
1986,0.711144211769242,1180.4425,1659.92,62.981945,0.0966637919728803,0.253925,"17-TagReportingExclusion","17-TagReportingExclusion","17-TagReportingExclusion","All","data/stepwise/models/17-TagReportingExclusion/model_payload.rds",""
1987,0.696002139831561,1190.4525,1710.415,140.265469,0.119977879152357,0.324325,"17-TagReportingExclusion","17-TagReportingExclusion","17-TagReportingExclusion","All","data/stepwise/models/17-TagReportingExclusion/model_payload.rds",""
1988,0.682061802114812,1221.0475,1790.23,140.443689,0.100063814148807,0.283825,"17-TagReportingExclusion","17-TagReportingExclusion","17-TagReportingExclusion","All","data/stepwise/models/17-TagReportingExclusion/model_payload.rds",""
1989,0.66797625332003,1208.4325,1809.095,115.0108,0.0987951334047107,0.282025,"17-TagReportingExclusion","17-TagReportingExclusion","17-TagReportingExclusion","All","data/stepwise/models/17-TagReportingExclusion/model_payload.rds",""
1990,0.659108654195837,1264.1325,1917.9425,126.639929,0.142172592967796,0.344,"17-TagReportingExclusion","17-TagReportingExclusion","17-TagReportingExclusion","All","data/stepwise/models/17-TagReportingExclusion/model_payload.rds",""
1991,0.652569463051701,1309.0625,2006.0125,61.8263701,0.165287299378745,0.311875,"17-TagReportingExclusion","17-TagReportingExclusion","17-TagReportingExclusion","All","data/stepwise/models/17-TagReportingExclusion/model_payload.rds",""
1992,0.637800496297271,1308.25,2051.19,167.589165,0.174758301614235,0.39115,"17-TagReportingExclusion","17-TagReportingExclusion","17-TagReportingExclusion","All","data/stepwise/models/17-TagReportingExclusion/model_payload.rds",""
1993,0.614873612729636,1259.73,2048.7625,75.392901,0.126773441620647,0.34225,"17-TagReportingExclusion","17-TagReportingExclusion","17-TagReportingExclusion","All","data/stepwise/models/17-TagReportingExclusion/model_payload.rds",""
1994,0.590277028166127,1216.71,2061.2525,140.125251,0.140352773670543,0.3891,"17-TagReportingExclusion","17-TagReportingExclusion","17-TagReportingExclusion","All","data/stepwise/models/17-TagReportingExclusion/model_payload.rds",""
1995,0.573960814481584,1201.2225,2092.865,96.273515,0.129281459877656,0.34555,"17-TagReportingExclusion","17-TagReportingExclusion","17-TagReportingExclusion","All","data/stepwise/models/17-TagReportingExclusion/model_payload.rds",""
1996,0.567382459857002,1178.425,2076.95,161.403183,0.141607495049185,0.329575,"17-TagReportingExclusion","17-TagReportingExclusion","17-TagReportingExclusion","All","data/stepwise/models/17-TagReportingExclusion/model_payload.rds",""
1997,0.574628043122978,1220.0675,2123.23,92.573399,0.170589004919358,0.420575,"17-TagReportingExclusion","17-TagReportingExclusion","17-TagReportingExclusion","All","data/stepwise/models/17-TagReportingExclusion/model_payload.rds",""
1998,0.562452117005271,1218.6875,2166.74,122.33036,0.210385363354112,0.49315,"17-TagReportingExclusion","17-TagReportingExclusion","17-TagReportingExclusion","All","data/stepwise/models/17-TagReportingExclusion/model_payload.rds",""
1999,0.544765852074462,1186.88,2178.6975,104.461735,0.28431167784832,0.53265,"17-TagReportingExclusion","17-TagReportingExclusion","17-TagReportingExclusion","All","data/stepwise/models/17-TagReportingExclusion/model_payload.rds",""
2000,0.520626132684024,1124.68,2160.245,162.939383,0.224511125200878,0.5147,"17-TagReportingExclusion","17-TagReportingExclusion","17-TagReportingExclusion","All","data/stepwise/models/17-TagReportingExclusion/model_payload.rds",""
2001,0.495011353951443,1064.34,2150.1325,96.765978,0.184181186481007,0.451175,"17-TagReportingExclusion","17-TagReportingExclusion","17-TagReportingExclusion","All","data/stepwise/models/17-TagReportingExclusion/model_payload.rds",""
2002,0.475292953758507,1044.9375,2198.5125,128.634044,0.216014031620489,0.56585,"17-TagReportingExclusion","17-TagReportingExclusion","17-TagReportingExclusion","All","data/stepwise/models/17-TagReportingExclusion/model_payload.rds",""
2003,0.459987260552768,1036.28,2252.845,76.550488,0.224461667711294,0.519925,"17-TagReportingExclusion","17-TagReportingExclusion","17-TagReportingExclusion","All","data/stepwise/models/17-TagReportingExclusion/model_payload.rds",""
2004,0.446873945539674,1013.1325,2267.155,177.529803,0.304067415384388,0.7348,"17-TagReportingExclusion","17-TagReportingExclusion","17-TagReportingExclusion","All","data/stepwise/models/17-TagReportingExclusion/model_payload.rds",""
2005,0.429352207481453,959.9725,2235.8625,90.192827,0.217974917772203,0.5789,"17-TagReportingExclusion","17-TagReportingExclusion","17-TagReportingExclusion","All","data/stepwise/models/17-TagReportingExclusion/model_payload.rds",""
2006,0.413300312115302,924.9475,2237.955,88.317818,0.260043261308239,0.6213,"17-TagReportingExclusion","17-TagReportingExclusion","17-TagReportingExclusion","All","data/stepwise/models/17-TagReportingExclusion/model_payload.rds",""
2007,0.402994227440174,918.3775,2278.885,112.503387,0.336808029065608,0.647075,"17-TagReportingExclusion","17-TagReportingExclusion","17-TagReportingExclusion","All","data/stepwise/models/17-TagReportingExclusion/model_payload.rds",""
2008,0.393572310944916,883.315,2244.3525,97.2538312,0.369508946618984,0.70525,"17-TagReportingExclusion","17-TagReportingExclusion","17-TagReportingExclusion","All","data/stepwise/models/17-TagReportingExclusion/model_payload.rds",""
2009,0.374208074444745,812.3075,2170.7375,122.730156,0.287332158675363,0.74295,"17-TagReportingExclusion","17-TagReportingExclusion","17-TagReportingExclusion","All","data/stepwise/models/17-TagReportingExclusion/model_payload.rds",""
2010,0.349873062871213,743.8485,2126.0525,88.804,0.230898490047606,0.6212,"17-TagReportingExclusion","17-TagReportingExclusion","17-TagReportingExclusion","All","data/stepwise/models/17-TagReportingExclusion/model_payload.rds",""
2011,0.339541815552909,716.23375,2109.4125,94.839739,0.301719246914454,0.77315,"17-TagReportingExclusion","17-TagReportingExclusion","17-TagReportingExclusion","All","data/stepwise/models/17-TagReportingExclusion/model_payload.rds",""
2012,0.33216361679225,698.16225,2101.8625,157.997529,0.269729256471633,0.7911,"17-TagReportingExclusion","17-TagReportingExclusion","17-TagReportingExclusion","All","data/stepwise/models/17-TagReportingExclusion/model_payload.rds",""
2013,0.325011340322783,668.1315,2055.7175,134.22531,0.238549762856421,0.702225,"17-TagReportingExclusion","17-TagReportingExclusion","17-TagReportingExclusion","All","data/stepwise/models/17-TagReportingExclusion/model_payload.rds",""
2014,0.330991058728874,691.1325,2088.07,79.263781,0.286913235401312,0.7346,"17-TagReportingExclusion","17-TagReportingExclusion","17-TagReportingExclusion","All","data/stepwise/models/17-TagReportingExclusion/model_payload.rds",""
2015,0.344012591625552,760.88275,2211.7875,102.026416,0.280675764031082,0.6491,"17-TagReportingExclusion","17-TagReportingExclusion","17-TagReportingExclusion","All","data/stepwise/models/17-TagReportingExclusion/model_payload.rds",""
2016,0.348716681326351,791.92425,2270.9675,120.569455,0.399399379483561,0.6796,"17-TagReportingExclusion","17-TagReportingExclusion","17-TagReportingExclusion","All","data/stepwise/models/17-TagReportingExclusion/model_payload.rds",""
2017,0.347956552212128,778.197,2236.4775,114.73453,0.221456422236703,0.5783,"17-TagReportingExclusion","17-TagReportingExclusion","17-TagReportingExclusion","All","data/stepwise/models/17-TagReportingExclusion/model_payload.rds",""
2018,0.344234250604763,757.75425,2201.275,94.533866,0.268852858569242,0.6792,"17-TagReportingExclusion","17-TagReportingExclusion","17-TagReportingExclusion","All","data/stepwise/models/17-TagReportingExclusion/model_payload.rds",""
2019,0.341847114765218,750.9065,2196.615,86.847378,0.231490544769661,0.598725,"17-TagReportingExclusion","17-TagReportingExclusion","17-TagReportingExclusion","All","data/stepwise/models/17-TagReportingExclusion/model_payload.rds",""
2020,0.347452783101968,762.2645,2193.865,106.202336,0.359753357069007,0.642825,"17-TagReportingExclusion","17-TagReportingExclusion","17-TagReportingExclusion","All","data/stepwise/models/17-TagReportingExclusion/model_payload.rds",""
2021,0.352766007368895,759.25475,2152.29,99.997366,0.317082665516754,0.635125,"17-TagReportingExclusion","17-TagReportingExclusion","17-TagReportingExclusion","All","data/stepwise/models/17-TagReportingExclusion/model_payload.rds",""
2022,0.350939166190965,740.80275,2110.915,79.694388,0.408785469733339,0.69755,"17-TagReportingExclusion","17-TagReportingExclusion","17-TagReportingExclusion","All","data/stepwise/models/17-TagReportingExclusion/model_payload.rds",""
2023,0.340504456114542,696.69425,2046.065,120.465898,0.433989227616799,0.734275,"17-TagReportingExclusion","17-TagReportingExclusion","17-TagReportingExclusion","All","data/stepwise/models/17-TagReportingExclusion/model_payload.rds",""
2024,0.321554073861545,644.4225,2004.0875,103.94959,0.31494493448979,0.78315,"17-TagReportingExclusion","17-TagReportingExclusion","17-TagReportingExclusion","All","data/stepwise/models/17-TagReportingExclusion/model_payload.rds",""
1952,0.997782360517353,3627.56,3635.6225,219.15937,0.00440085448157594,0.03308,"18-EffortCreep","18-EffortCreep","18-EffortCreep","All","data/stepwise/models/18-EffortCreep/model_payload.rds",""
1953,0.990581507093271,3685.0375,3720.075,69.436029,0.00511324960009827,0.0312575,"18-EffortCreep","18-EffortCreep","18-EffortCreep","All","data/stepwise/models/18-EffortCreep/model_payload.rds",""
1954,0.985801859620417,3726.4025,3780.0725,281.864142,0.00333068158575507,0.02145775,"18-EffortCreep","18-EffortCreep","18-EffortCreep","All","data/stepwise/models/18-EffortCreep/model_payload.rds",""
1955,0.981366662751212,3676.0425,3745.84,265.675482,0.00439979364777855,0.0347875,"18-EffortCreep","18-EffortCreep","18-EffortCreep","All","data/stepwise/models/18-EffortCreep/model_payload.rds",""
1956,0.976196467583022,3656.2975,3745.4525,118.936602,0.00616720490352258,0.0383025,"18-EffortCreep","18-EffortCreep","18-EffortCreep","All","data/stepwise/models/18-EffortCreep/model_payload.rds",""
1957,0.970987546749088,3747.0725,3859.0325,114.862998,0.00863869922997387,0.0532725,"18-EffortCreep","18-EffortCreep","18-EffortCreep","All","data/stepwise/models/18-EffortCreep/model_payload.rds",""
1958,0.961160861764398,3644.1525,3791.4075,224.819503,0.0111144881466349,0.0794075,"18-EffortCreep","18-EffortCreep","18-EffortCreep","All","data/stepwise/models/18-EffortCreep/model_payload.rds",""
1959,0.948482017715636,3348.0775,3529.9325,57.448123,0.00876054407279772,0.073905,"18-EffortCreep","18-EffortCreep","18-EffortCreep","All","data/stepwise/models/18-EffortCreep/model_payload.rds",""
1960,0.93783054848974,3026.9325,3227.59,93.494598,0.0102270205638078,0.0762775,"18-EffortCreep","18-EffortCreep","18-EffortCreep","All","data/stepwise/models/18-EffortCreep/model_payload.rds",""
1961,0.931467570128808,2862.7375,3073.3625,114.609728,0.00905169654371684,0.07749,"18-EffortCreep","18-EffortCreep","18-EffortCreep","All","data/stepwise/models/18-EffortCreep/model_payload.rds",""
1962,0.925078376740312,2651.98,2866.7625,135.6612,0.00829620839965711,0.07564,"18-EffortCreep","18-EffortCreep","18-EffortCreep","All","data/stepwise/models/18-EffortCreep/model_payload.rds",""
1963,0.919509933444213,2486.4675,2704.1225,99.7949175,0.0111290742509092,0.0975525,"18-EffortCreep","18-EffortCreep","18-EffortCreep","All","data/stepwise/models/18-EffortCreep/model_payload.rds",""
1964,0.913066847272892,2318.82,2539.595,99.2307282,0.00784897014033553,0.073895,"18-EffortCreep","18-EffortCreep","18-EffortCreep","All","data/stepwise/models/18-EffortCreep/model_payload.rds",""
1965,0.913387040860148,2206.6175,2415.8625,86.744388,0.00867716470222867,0.07163,"18-EffortCreep","18-EffortCreep","18-EffortCreep","All","data/stepwise/models/18-EffortCreep/model_payload.rds",""
1966,0.913408079760134,2121.815,2322.965,124.652671,0.00897853568505451,0.0811125,"18-EffortCreep","18-EffortCreep","18-EffortCreep","All","data/stepwise/models/18-EffortCreep/model_payload.rds",""
1967,0.910152580497119,2007.99,2206.2125,110.156676,0.0104137774392868,0.0880675,"18-EffortCreep","18-EffortCreep","18-EffortCreep","All","data/stepwise/models/18-EffortCreep/model_payload.rds",""
1968,0.908118222360382,1898.8525,2090.975,75.78498,0.00961166007348214,0.0723775,"18-EffortCreep","18-EffortCreep","18-EffortCreep","All","data/stepwise/models/18-EffortCreep/model_payload.rds",""
1969,0.908759150557495,1879.4775,2068.18,117.855892,0.0116491671312423,0.0937025,"18-EffortCreep","18-EffortCreep","18-EffortCreep","All","data/stepwise/models/18-EffortCreep/model_payload.rds",""
1970,0.905923654902216,1807.6325,1995.3475,91.605776,0.0231318889057975,0.08906,"18-EffortCreep","18-EffortCreep","18-EffortCreep","All","data/stepwise/models/18-EffortCreep/model_payload.rds",""
1971,0.90329629402948,1734.155,1919.8075,79.364832,0.0243730601547926,0.091955,"18-EffortCreep","18-EffortCreep","18-EffortCreep","All","data/stepwise/models/18-EffortCreep/model_payload.rds",""
1972,0.898020251781747,1709.8575,1904.03,84.89975,0.030596487946701,0.129875,"18-EffortCreep","18-EffortCreep","18-EffortCreep","All","data/stepwise/models/18-EffortCreep/model_payload.rds",""
1973,0.885934844600628,1614.7425,1822.6425,135.22935,0.0264816105071863,0.1060925,"18-EffortCreep","18-EffortCreep","18-EffortCreep","All","data/stepwise/models/18-EffortCreep/model_payload.rds",""
1974,0.878730805560074,1539.655,1752.135,55.915452,0.0325981897797951,0.1139825,"18-EffortCreep","18-EffortCreep","18-EffortCreep","All","data/stepwise/models/18-EffortCreep/model_payload.rds",""
1975,0.872261177841303,1530.995,1755.2025,192.32959,0.030587419099732,0.14425,"18-EffortCreep","18-EffortCreep","18-EffortCreep","All","data/stepwise/models/18-EffortCreep/model_payload.rds",""
1976,0.861352367829593,1525.3,1770.82,58.981171,0.0328344415735761,0.1491,"18-EffortCreep","18-EffortCreep","18-EffortCreep","All","data/stepwise/models/18-EffortCreep/model_payload.rds",""
1977,0.851673659185636,1545.8175,1815.035,158.334767,0.0398182825258074,0.16625,"18-EffortCreep","18-EffortCreep","18-EffortCreep","All","data/stepwise/models/18-EffortCreep/model_payload.rds",""
1978,0.847350160408241,1621.055,1913.0875,21.9123258,0.032480369808296,0.13535,"18-EffortCreep","18-EffortCreep","18-EffortCreep","All","data/stepwise/models/18-EffortCreep/model_payload.rds",""
1979,0.839822437740079,1633.1775,1944.67,81.269059,0.0473659202679071,0.1706,"18-EffortCreep","18-EffortCreep","18-EffortCreep","All","data/stepwise/models/18-EffortCreep/model_payload.rds",""
1980,0.82784303924019,1614.6975,1950.4875,129.980834,0.0409389567418354,0.173475,"18-EffortCreep","18-EffortCreep","18-EffortCreep","All","data/stepwise/models/18-EffortCreep/model_payload.rds",""
1981,0.816021387181262,1503.295,1842.225,106.502126,0.0536187422401808,0.16515,"18-EffortCreep","18-EffortCreep","18-EffortCreep","All","data/stepwise/models/18-EffortCreep/model_payload.rds",""
1982,0.807322141835678,1432.5225,1774.4125,135.783876,0.0660337839801433,0.20045,"18-EffortCreep","18-EffortCreep","18-EffortCreep","All","data/stepwise/models/18-EffortCreep/model_payload.rds",""
1983,0.799173625341411,1429.35,1788.535,97.600978,0.0841196019259648,0.20625,"18-EffortCreep","18-EffortCreep","18-EffortCreep","All","data/stepwise/models/18-EffortCreep/model_payload.rds",""
1984,0.787842283528795,1458.43,1851.17,69.674505,0.0858606238582007,0.2277,"18-EffortCreep","18-EffortCreep","18-EffortCreep","All","data/stepwise/models/18-EffortCreep/model_payload.rds",""
1985,0.767260125212654,1458.995,1901.565,174.493089,0.0946299567855497,0.237625,"18-EffortCreep","18-EffortCreep","18-EffortCreep","All","data/stepwise/models/18-EffortCreep/model_payload.rds",""
1986,0.747041814652953,1414.505,1893.475,72.905366,0.0823275171141351,0.214975,"18-EffortCreep","18-EffortCreep","18-EffortCreep","All","data/stepwise/models/18-EffortCreep/model_payload.rds",""
1987,0.732658217421131,1423.1025,1942.3825,146.816195,0.107616417488152,0.274125,"18-EffortCreep","18-EffortCreep","18-EffortCreep","All","data/stepwise/models/18-EffortCreep/model_payload.rds",""
1988,0.719645071917364,1457.83,2025.7625,161.201577,0.089684345913886,0.241425,"18-EffortCreep","18-EffortCreep","18-EffortCreep","All","data/stepwise/models/18-EffortCreep/model_payload.rds",""
1989,0.706243132701021,1441.3875,2040.9225,126.399361,0.0874538999133454,0.24125,"18-EffortCreep","18-EffortCreep","18-EffortCreep","All","data/stepwise/models/18-EffortCreep/model_payload.rds",""
1990,0.696448350044223,1498.09,2151.0425,130.85281,0.126916421141823,0.29535,"18-EffortCreep","18-EffortCreep","18-EffortCreep","All","data/stepwise/models/18-EffortCreep/model_payload.rds",""
1991,0.689426035120127,1545.1175,2241.165,73.362493,0.146117983895442,0.268625,"18-EffortCreep","18-EffortCreep","18-EffortCreep","All","data/stepwise/models/18-EffortCreep/model_payload.rds",""
1992,0.674993390473286,1538.2475,2278.9075,178.082094,0.157810414355081,0.337425,"18-EffortCreep","18-EffortCreep","18-EffortCreep","All","data/stepwise/models/18-EffortCreep/model_payload.rds",""
1993,0.652614250635952,1477.7275,2264.32,92.806417,0.109138470998642,0.2963,"18-EffortCreep","18-EffortCreep","18-EffortCreep","All","data/stepwise/models/18-EffortCreep/model_payload.rds",""
1994,0.628605461684387,1424.86,2266.7,140.75074,0.130091980483728,0.33725,"18-EffortCreep","18-EffortCreep","18-EffortCreep","All","data/stepwise/models/18-EffortCreep/model_payload.rds",""
1995,0.612408604452522,1401.69,2288.815,116.860522,0.116258525655924,0.302475,"18-EffortCreep","18-EffortCreep","18-EffortCreep","All","data/stepwise/models/18-EffortCreep/model_payload.rds",""
1996,0.604914273330193,1367.69,2260.965,153.370232,0.137302376983462,0.2899,"18-EffortCreep","18-EffortCreep","18-EffortCreep","All","data/stepwise/models/18-EffortCreep/model_payload.rds",""
1997,0.609707755148142,1403.5,2301.9225,93.528283,0.154925421398815,0.373175,"18-EffortCreep","18-EffortCreep","18-EffortCreep","All","data/stepwise/models/18-EffortCreep/model_payload.rds",""
1998,0.596114424400911,1395.1,2340.3225,135.364383,0.194626343096884,0.438025,"18-EffortCreep","18-EffortCreep","18-EffortCreep","All","data/stepwise/models/18-EffortCreep/model_payload.rds",""
1999,0.577905384070525,1354.3675,2343.58,101.36755,0.261405232844335,0.475475,"18-EffortCreep","18-EffortCreep","18-EffortCreep","All","data/stepwise/models/18-EffortCreep/model_payload.rds",""
2000,0.552386179601098,1275.6475,2309.34,172.553054,0.209754713575794,0.460725,"18-EffortCreep","18-EffortCreep","18-EffortCreep","All","data/stepwise/models/18-EffortCreep/model_payload.rds",""
2001,0.525910016048664,1203.4675,2288.3525,103.969751,0.16995865938692,0.406025,"18-EffortCreep","18-EffortCreep","18-EffortCreep","All","data/stepwise/models/18-EffortCreep/model_payload.rds",""
2002,0.505706311721769,1177.79,2329,131.59551,0.20415214771897,0.5091,"18-EffortCreep","18-EffortCreep","18-EffortCreep","All","data/stepwise/models/18-EffortCreep/model_payload.rds",""
2003,0.490414821881481,1166.92,2379.455,78.589686,0.20737364459262,0.468375,"18-EffortCreep","18-EffortCreep","18-EffortCreep","All","data/stepwise/models/18-EffortCreep/model_payload.rds",""
2004,0.4771142399471,1140.0275,2389.4225,184.351425,0.290807194844958,0.661275,"18-EffortCreep","18-EffortCreep","18-EffortCreep","All","data/stepwise/models/18-EffortCreep/model_payload.rds",""
2005,0.459905582691648,1082.09,2352.8525,89.056731,0.210775702449359,0.524525,"18-EffortCreep","18-EffortCreep","18-EffortCreep","All","data/stepwise/models/18-EffortCreep/model_payload.rds",""
2006,0.442223308300298,1038.295,2347.8975,91.340671,0.242102796168284,0.5674,"18-EffortCreep","18-EffortCreep","18-EffortCreep","All","data/stepwise/models/18-EffortCreep/model_payload.rds",""
2007,0.429918943632178,1023.795,2381.3675,119.686687,0.329829972349081,0.592,"18-EffortCreep","18-EffortCreep","18-EffortCreep","All","data/stepwise/models/18-EffortCreep/model_payload.rds",""
2008,0.4185779779636,976.24,2332.2775,99.456859,0.346288603821361,0.6459,"18-EffortCreep","18-EffortCreep","18-EffortCreep","All","data/stepwise/models/18-EffortCreep/model_payload.rds",""
2009,0.397997410789266,896.92,2253.5825,125.398141,0.277456425121796,0.68015,"18-EffortCreep","18-EffortCreep","18-EffortCreep","All","data/stepwise/models/18-EffortCreep/model_payload.rds",""
2010,0.373666549262677,824.8605,2207.4775,91.3605,0.222716167720814,0.570075,"18-EffortCreep","18-EffortCreep","18-EffortCreep","All","data/stepwise/models/18-EffortCreep/model_payload.rds",""
2011,0.362643276672471,792.93675,2186.5475,97.685574,0.285814136947583,0.7113,"18-EffortCreep","18-EffortCreep","18-EffortCreep","All","data/stepwise/models/18-EffortCreep/model_payload.rds",""
2012,0.354060454518792,769.592,2173.6175,163.228381,0.257290270775897,0.731425,"18-EffortCreep","18-EffortCreep","18-EffortCreep","All","data/stepwise/models/18-EffortCreep/model_payload.rds",""
2013,0.34581698645884,734.032,2122.6025,136.998746,0.226176567673558,0.6514,"18-EffortCreep","18-EffortCreep","18-EffortCreep","All","data/stepwise/models/18-EffortCreep/model_payload.rds",""
2014,0.351536067315141,757.852,2155.83,81.269393,0.274408070208616,0.6812,"18-EffortCreep","18-EffortCreep","18-EffortCreep","All","data/stepwise/models/18-EffortCreep/model_payload.rds",""
2015,0.364482520369269,832.171,2283.1575,103.87342,0.26471349504046,0.602575,"18-EffortCreep","18-EffortCreep","18-EffortCreep","All","data/stepwise/models/18-EffortCreep/model_payload.rds",""
2016,0.368755358391655,863.4545,2341.5375,124.030133,0.377424830902526,0.633125,"18-EffortCreep","18-EffortCreep","18-EffortCreep","All","data/stepwise/models/18-EffortCreep/model_payload.rds",""
2017,0.36719567696736,845.14675,2301.625,117.357637,0.213253387683203,0.539625,"18-EffortCreep","18-EffortCreep","18-EffortCreep","All","data/stepwise/models/18-EffortCreep/model_payload.rds",""
2018,0.362757756175426,820.4075,2261.585,95.006542,0.261127810367131,0.63535,"18-EffortCreep","18-EffortCreep","18-EffortCreep","All","data/stepwise/models/18-EffortCreep/model_payload.rds",""
2019,0.360214964403446,812.7125,2256.1875,85.871665,0.225281997286114,0.56185,"18-EffortCreep","18-EffortCreep","18-EffortCreep","All","data/stepwise/models/18-EffortCreep/model_payload.rds",""
2020,0.365054833777651,821.94925,2251.5775,109.00933,0.350345156503942,0.609175,"18-EffortCreep","18-EffortCreep","18-EffortCreep","All","data/stepwise/models/18-EffortCreep/model_payload.rds",""
2021,0.368563274456383,811.334,2201.3425,100.815524,0.299261148400373,0.603625,"18-EffortCreep","18-EffortCreep","18-EffortCreep","All","data/stepwise/models/18-EffortCreep/model_payload.rds",""
2022,0.364759406537287,785.3115,2152.9575,78.51502,0.397148955951318,0.665075,"18-EffortCreep","18-EffortCreep","18-EffortCreep","All","data/stepwise/models/18-EffortCreep/model_payload.rds",""
2023,0.352918180652076,735.98175,2085.4175,125.939048,0.419423082013776,0.7037,"18-EffortCreep","18-EffortCreep","18-EffortCreep","All","data/stepwise/models/18-EffortCreep/model_payload.rds",""
2024,0.333162537779167,679.31425,2038.9875,117.939655,0.27213311785461,0.743925,"18-EffortCreep","18-EffortCreep","18-EffortCreep","All","data/stepwise/models/18-EffortCreep/model_payload.rds",""
1952,0.997136119048999,2795.8575,2803.8875,176.680567,0.00547365895248724,0.0397375,"19-DMG8Nmax25","19-DMG8Nmax25","19-DMG8Nmax25","All","data/stepwise/models/19-DMG8Nmax25/model_payload.rds",""
1953,0.98776601159449,2838.195,2873.3475,188.720159,0.00536427900888719,0.0372675,"19-DMG8Nmax25","19-DMG8Nmax25","19-DMG8Nmax25","All","data/stepwise/models/19-DMG8Nmax25/model_payload.rds",""
1954,0.981603516665427,2870.005,2923.7925,178.858079,0.00431000852550046,0.024615,"19-DMG8Nmax25","19-DMG8Nmax25","19-DMG8Nmax25","All","data/stepwise/models/19-DMG8Nmax25/model_payload.rds",""
1955,0.976635166872369,2892.2025,2961.395,161.056562,0.00566522189876212,0.0398525,"19-DMG8Nmax25","19-DMG8Nmax25","19-DMG8Nmax25","All","data/stepwise/models/19-DMG8Nmax25/model_payload.rds",""
1956,0.969928355171522,2907.2875,2997.425,95.386354,0.00733156894391528,0.04584,"19-DMG8Nmax25","19-DMG8Nmax25","19-DMG8Nmax25","All","data/stepwise/models/19-DMG8Nmax25/model_payload.rds",""
1957,0.962666129387364,2962.3475,3077.2325,68.197705,0.0108792611783603,0.0643875,"19-DMG8Nmax25","19-DMG8Nmax25","19-DMG8Nmax25","All","data/stepwise/models/19-DMG8Nmax25/model_payload.rds",""
1958,0.949835420002188,2865.435,3016.77,134.331912,0.0152764217820434,0.09756,"19-DMG8Nmax25","19-DMG8Nmax25","19-DMG8Nmax25","All","data/stepwise/models/19-DMG8Nmax25/model_payload.rds",""
1959,0.932935705855879,2606.69,2794.0725,122.813417,0.00980734644368059,0.0906325,"19-DMG8Nmax25","19-DMG8Nmax25","19-DMG8Nmax25","All","data/stepwise/models/19-DMG8Nmax25/model_payload.rds",""
1960,0.918855730812163,2329.6025,2535.33,90.1485829,0.0125746697690809,0.088725,"19-DMG8Nmax25","19-DMG8Nmax25","19-DMG8Nmax25","All","data/stepwise/models/19-DMG8Nmax25/model_payload.rds",""
1961,0.912360521670356,2237.92,2452.89,99.347425,0.0106887050814452,0.08887,"19-DMG8Nmax25","19-DMG8Nmax25","19-DMG8Nmax25","All","data/stepwise/models/19-DMG8Nmax25/model_payload.rds",""
1962,0.905745510417202,2116.2925,2336.52,99.52321,0.0103361652841423,0.0878875,"19-DMG8Nmax25","19-DMG8Nmax25","19-DMG8Nmax25","All","data/stepwise/models/19-DMG8Nmax25/model_payload.rds",""
1963,0.898305907589828,1989.13,2214.3125,77.663939,0.013770133950029,0.11609,"19-DMG8Nmax25","19-DMG8Nmax25","19-DMG8Nmax25","All","data/stepwise/models/19-DMG8Nmax25/model_payload.rds",""
1964,0.889003491146674,1842.3575,2072.385,94.70351,0.00905722894673614,0.0890825,"19-DMG8Nmax25","19-DMG8Nmax25","19-DMG8Nmax25","All","data/stepwise/models/19-DMG8Nmax25/model_payload.rds",""
1965,0.88837113318013,1743.455,1962.53,65.7756531,0.0108526681457637,0.085555,"19-DMG8Nmax25","19-DMG8Nmax25","19-DMG8Nmax25","All","data/stepwise/models/19-DMG8Nmax25/model_payload.rds",""
1966,0.887943540794216,1674,1885.255,121.841243,0.0107872041504784,0.0991175,"19-DMG8Nmax25","19-DMG8Nmax25","19-DMG8Nmax25","All","data/stepwise/models/19-DMG8Nmax25/model_payload.rds",""
1967,0.882534003240945,1571.215,1780.345,50.208619,0.0142654777180348,0.10967,"19-DMG8Nmax25","19-DMG8Nmax25","19-DMG8Nmax25","All","data/stepwise/models/19-DMG8Nmax25/model_payload.rds",""
1968,0.878449096809054,1471.31,1674.895,76.2152689,0.011035774393987,0.09045,"19-DMG8Nmax25","19-DMG8Nmax25","19-DMG8Nmax25","All","data/stepwise/models/19-DMG8Nmax25/model_payload.rds",""
1969,0.878446787877309,1440.275,1639.57,91.5631653,0.0129461781656136,0.1140375,"19-DMG8Nmax25","19-DMG8Nmax25","19-DMG8Nmax25","All","data/stepwise/models/19-DMG8Nmax25/model_payload.rds",""
1970,0.874393275155471,1377.2175,1575.055,94.4230866,0.0219111980319534,0.1095675,"19-DMG8Nmax25","19-DMG8Nmax25","19-DMG8Nmax25","All","data/stepwise/models/19-DMG8Nmax25/model_payload.rds",""
1971,0.8714454529042,1327.4075,1523.225,51.6826384,0.024348333187731,0.111035,"19-DMG8Nmax25","19-DMG8Nmax25","19-DMG8Nmax25","All","data/stepwise/models/19-DMG8Nmax25/model_payload.rds",""
1972,0.867666231001291,1319.4275,1520.6625,68.963281,0.0344645269195729,0.1536,"19-DMG8Nmax25","19-DMG8Nmax25","19-DMG8Nmax25","All","data/stepwise/models/19-DMG8Nmax25/model_payload.rds",""
1973,0.854638290026921,1251.59,1464.4675,104.961266,0.019724430367381,0.1284925,"19-DMG8Nmax25","19-DMG8Nmax25","19-DMG8Nmax25","All","data/stepwise/models/19-DMG8Nmax25/model_payload.rds",""
1974,0.84552096862336,1191.3475,1409.01,43.8259699,0.0378786481978594,0.1449,"19-DMG8Nmax25","19-DMG8Nmax25","19-DMG8Nmax25","All","data/stepwise/models/19-DMG8Nmax25/model_payload.rds",""
1975,0.836631698429034,1164.5725,1391.9775,157.067291,0.0289871493417001,0.183825,"19-DMG8Nmax25","19-DMG8Nmax25","19-DMG8Nmax25","All","data/stepwise/models/19-DMG8Nmax25/model_payload.rds",""
1976,0.820822978292903,1119.66,1364.07,52.853845,0.0340626735982888,0.189825,"19-DMG8Nmax25","19-DMG8Nmax25","19-DMG8Nmax25","All","data/stepwise/models/19-DMG8Nmax25/model_payload.rds",""
1977,0.808598251629001,1126.155,1392.725,117.615929,0.0408614324578169,0.210325,"19-DMG8Nmax25","19-DMG8Nmax25","19-DMG8Nmax25","All","data/stepwise/models/19-DMG8Nmax25/model_payload.rds",""
1978,0.803771094978125,1178.5575,1466.285,16.665241,0.0325234822455824,0.174175,"19-DMG8Nmax25","19-DMG8Nmax25","19-DMG8Nmax25","All","data/stepwise/models/19-DMG8Nmax25/model_payload.rds",""
1979,0.793174962929436,1174.125,1480.285,58.838667,0.042684481149585,0.223725,"19-DMG8Nmax25","19-DMG8Nmax25","19-DMG8Nmax25","All","data/stepwise/models/19-DMG8Nmax25/model_payload.rds",""
1980,0.777259969732775,1147.8925,1476.845,90.924112,0.036876147617112,0.224125,"19-DMG8Nmax25","19-DMG8Nmax25","19-DMG8Nmax25","All","data/stepwise/models/19-DMG8Nmax25/model_payload.rds",""
1981,0.762908318902893,1067.2725,1398.9525,108.253341,0.0570793107745036,0.21355,"19-DMG8Nmax25","19-DMG8Nmax25","19-DMG8Nmax25","All","data/stepwise/models/19-DMG8Nmax25/model_payload.rds",""
1982,0.75457297353238,1020.775,1352.785,116.671961,0.0692134044757077,0.249175,"19-DMG8Nmax25","19-DMG8Nmax25","19-DMG8Nmax25","All","data/stepwise/models/19-DMG8Nmax25/model_payload.rds",""
1983,0.748037504655222,1024.385,1369.43,90.117838,0.0817062150809808,0.24625,"19-DMG8Nmax25","19-DMG8Nmax25","19-DMG8Nmax25","All","data/stepwise/models/19-DMG8Nmax25/model_payload.rds",""
1984,0.741573611720808,1081.155,1457.92,74.024407,0.0941101057499231,0.267525,"19-DMG8Nmax25","19-DMG8Nmax25","19-DMG8Nmax25","All","data/stepwise/models/19-DMG8Nmax25/model_payload.rds",""
1985,0.724232908535884,1116.845,1542.1075,126.8416988,0.0904896298478265,0.27965,"19-DMG8Nmax25","19-DMG8Nmax25","19-DMG8Nmax25","All","data/stepwise/models/19-DMG8Nmax25/model_payload.rds",""
1986,0.703831263754799,1095.355,1556.275,76.739366,0.0972221515093706,0.257525,"19-DMG8Nmax25","19-DMG8Nmax25","19-DMG8Nmax25","All","data/stepwise/models/19-DMG8Nmax25/model_payload.rds",""
1987,0.688618881559069,1093.9675,1588.64,143.3099978,0.107460395332302,0.328675,"19-DMG8Nmax25","19-DMG8Nmax25","19-DMG8Nmax25","All","data/stepwise/models/19-DMG8Nmax25/model_payload.rds",""
1988,0.672066879284587,1110.0075,1651.6325,132.974776,0.093835523080775,0.28325,"19-DMG8Nmax25","19-DMG8Nmax25","19-DMG8Nmax25","All","data/stepwise/models/19-DMG8Nmax25/model_payload.rds",""
1989,0.659648950028426,1105.1775,1675.4025,120.241283,0.0846871018460673,0.277,"19-DMG8Nmax25","19-DMG8Nmax25","19-DMG8Nmax25","All","data/stepwise/models/19-DMG8Nmax25/model_payload.rds",""
1990,0.653985948908414,1173.5925,1794.5225,111.232461,0.115759974495856,0.334725,"19-DMG8Nmax25","19-DMG8Nmax25","19-DMG8Nmax25","All","data/stepwise/models/19-DMG8Nmax25/model_payload.rds",""
1991,0.647659190363328,1226.945,1894.43,70.116251,0.138425244628234,0.30405,"19-DMG8Nmax25","19-DMG8Nmax25","19-DMG8Nmax25","All","data/stepwise/models/19-DMG8Nmax25/model_payload.rds",""
1992,0.635121897288486,1235.1025,1944.67,156.046519,0.150266384783884,0.382425,"19-DMG8Nmax25","19-DMG8Nmax25","19-DMG8Nmax25","All","data/stepwise/models/19-DMG8Nmax25/model_payload.rds",""
1993,0.613694302886913,1187.9925,1935.805,66.696906,0.119518114751499,0.336575,"19-DMG8Nmax25","19-DMG8Nmax25","19-DMG8Nmax25","All","data/stepwise/models/19-DMG8Nmax25/model_payload.rds",""
1994,0.593962212715178,1154.765,1944.1725,157.849153,0.119050025931756,0.3879,"19-DMG8Nmax25","19-DMG8Nmax25","19-DMG8Nmax25","All","data/stepwise/models/19-DMG8Nmax25/model_payload.rds",""
1995,0.574371226304928,1125.12,1958.8725,65.136737,0.115954769641803,0.344075,"19-DMG8Nmax25","19-DMG8Nmax25","19-DMG8Nmax25","All","data/stepwise/models/19-DMG8Nmax25/model_payload.rds",""
1996,0.566268434187923,1091.9425,1928.3125,164.739121,0.133117833826384,0.3247,"19-DMG8Nmax25","19-DMG8Nmax25","19-DMG8Nmax25","All","data/stepwise/models/19-DMG8Nmax25/model_payload.rds",""
1997,0.576135765933042,1136.435,1972.5125,64.178326,0.175349957448849,0.409125,"19-DMG8Nmax25","19-DMG8Nmax25","19-DMG8Nmax25","All","data/stepwise/models/19-DMG8Nmax25/model_payload.rds",""
1998,0.564613678995481,1140.785,2020.47,149.692719,0.181474050879655,0.47935,"19-DMG8Nmax25","19-DMG8Nmax25","19-DMG8Nmax25","All","data/stepwise/models/19-DMG8Nmax25/model_payload.rds",""
1999,0.545679935123305,1116.985,2046.96,98.986784,0.258912401293896,0.5181,"19-DMG8Nmax25","19-DMG8Nmax25","19-DMG8Nmax25","All","data/stepwise/models/19-DMG8Nmax25/model_payload.rds",""
2000,0.519168246639829,1060.39725,2042.4925,175.675984,0.214827998784623,0.499625,"19-DMG8Nmax25","19-DMG8Nmax25","19-DMG8Nmax25","All","data/stepwise/models/19-DMG8Nmax25/model_payload.rds",""
2001,0.497052228987774,1005.90075,2023.7325,73.011572,0.183965161385886,0.429575,"19-DMG8Nmax25","19-DMG8Nmax25","19-DMG8Nmax25","All","data/stepwise/models/19-DMG8Nmax25/model_payload.rds",""
2002,0.483016769242873,997.68925,2065.5375,142.595321,0.167887916867107,0.537375,"19-DMG8Nmax25","19-DMG8Nmax25","19-DMG8Nmax25","All","data/stepwise/models/19-DMG8Nmax25/model_payload.rds",""
2003,0.468602146516148,1002.36225,2139.0475,80.98894,0.205082367983056,0.485325,"19-DMG8Nmax25","19-DMG8Nmax25","19-DMG8Nmax25","All","data/stepwise/models/19-DMG8Nmax25/model_payload.rds",""
2004,0.457437934849075,989.32275,2162.7475,160.813029,0.23717523943929,0.6843,"19-DMG8Nmax25","19-DMG8Nmax25","19-DMG8Nmax25","All","data/stepwise/models/19-DMG8Nmax25/model_payload.rds",""
2005,0.438613983474266,942.61325,2149.0725,79.642154,0.221700066358373,0.542225,"19-DMG8Nmax25","19-DMG8Nmax25","19-DMG8Nmax25","All","data/stepwise/models/19-DMG8Nmax25/model_payload.rds",""
2006,0.427692635634986,917.93425,2146.2475,103.222503,0.220790956106741,0.59165,"19-DMG8Nmax25","19-DMG8Nmax25","19-DMG8Nmax25","All","data/stepwise/models/19-DMG8Nmax25/model_payload.rds",""
2007,0.416450897134848,901.8265,2165.505,116.2863186,0.267579886002195,0.60705,"19-DMG8Nmax25","19-DMG8Nmax25","19-DMG8Nmax25","All","data/stepwise/models/19-DMG8Nmax25/model_payload.rds",""
2008,0.402474421551603,857.55225,2130.7,97.785224,0.362099203082275,0.654225,"19-DMG8Nmax25","19-DMG8Nmax25","19-DMG8Nmax25","All","data/stepwise/models/19-DMG8Nmax25/model_payload.rds",""
2009,0.386965689765449,800.12025,2067.6775,124.352318,0.260104600265487,0.671075,"19-DMG8Nmax25","19-DMG8Nmax25","19-DMG8Nmax25","All","data/stepwise/models/19-DMG8Nmax25/model_payload.rds",""
2010,0.36854347268436,750.67975,2036.8825,85.9218,0.208064466114748,0.561525,"19-DMG8Nmax25","19-DMG8Nmax25","19-DMG8Nmax25","All","data/stepwise/models/19-DMG8Nmax25/model_payload.rds",""
2011,0.361007490140679,735.97875,2038.68,93.699313,0.275453790892033,0.6972,"19-DMG8Nmax25","19-DMG8Nmax25","19-DMG8Nmax25","All","data/stepwise/models/19-DMG8Nmax25/model_payload.rds",""
2012,0.352119106407707,718.036,2039.185,151.755578,0.254566825606981,0.714075,"19-DMG8Nmax25","19-DMG8Nmax25","19-DMG8Nmax25","All","data/stepwise/models/19-DMG8Nmax25/model_payload.rds",""
2013,0.343140130774014,684.3175,1994.28,134.103372,0.240278762939928,0.64875,"19-DMG8Nmax25","19-DMG8Nmax25","19-DMG8Nmax25","All","data/stepwise/models/19-DMG8Nmax25/model_payload.rds",""
2014,0.346189547194195,696.49875,2011.9,78.790108,0.286932315870494,0.697475,"19-DMG8Nmax25","19-DMG8Nmax25","19-DMG8Nmax25","All","data/stepwise/models/19-DMG8Nmax25/model_payload.rds",""
2015,0.353570903189374,745.0835,2107.31,105.368029,0.235950327707511,0.619725,"19-DMG8Nmax25","19-DMG8Nmax25","19-DMG8Nmax25","All","data/stepwise/models/19-DMG8Nmax25/model_payload.rds",""
2016,0.35387214248696,763.043,2156.2675,111.114682,0.32519330445822,0.6494,"19-DMG8Nmax25","19-DMG8Nmax25","19-DMG8Nmax25","All","data/stepwise/models/19-DMG8Nmax25/model_payload.rds",""
2017,0.350253056267805,744.12225,2124.5275,107.620127,0.22166321462993,0.54995,"19-DMG8Nmax25","19-DMG8Nmax25","19-DMG8Nmax25","All","data/stepwise/models/19-DMG8Nmax25/model_payload.rds",""
2018,0.348175642242296,728.27725,2091.695,85.213075,0.257049492763364,0.651375,"19-DMG8Nmax25","19-DMG8Nmax25","19-DMG8Nmax25","All","data/stepwise/models/19-DMG8Nmax25/model_payload.rds",""
2019,0.345314039179273,717.743,2078.5225,92.835511,0.177871599611327,0.58615,"19-DMG8Nmax25","19-DMG8Nmax25","19-DMG8Nmax25","All","data/stepwise/models/19-DMG8Nmax25/model_payload.rds",""
2020,0.345165275702467,710.32425,2057.925,94.107257,0.303468191034701,0.628375,"19-DMG8Nmax25","19-DMG8Nmax25","19-DMG8Nmax25","All","data/stepwise/models/19-DMG8Nmax25/model_payload.rds",""
2021,0.349722493071631,704.7835,2015.265,90.817181,0.289595706745524,0.62375,"19-DMG8Nmax25","19-DMG8Nmax25","19-DMG8Nmax25","All","data/stepwise/models/19-DMG8Nmax25/model_payload.rds",""
2022,0.348711838353913,687.38775,1971.22,75.602769,0.405950406420239,0.683525,"19-DMG8Nmax25","19-DMG8Nmax25","19-DMG8Nmax25","All","data/stepwise/models/19-DMG8Nmax25/model_payload.rds",""
2023,0.339083737911928,645,1902.185,106.774577,0.394145438911209,0.731675,"19-DMG8Nmax25","19-DMG8Nmax25","19-DMG8Nmax25","All","data/stepwise/models/19-DMG8Nmax25/model_payload.rds",""
2024,0.319783101728876,592.90825,1854.095,104.123949,0.270108331723377,0.79985,"19-DMG8Nmax25","19-DMG8Nmax25","19-DMG8Nmax25","All","data/stepwise/models/19-DMG8Nmax25/model_payload.rds",""
1952,0.992692744911783,1274.955,1284.34,82.154,0.0114342727715235,0.0887225,"20-Tau2Fixed","20-Tau2Fixed","20-Tau2Fixed","All","data/stepwise/models/20-Tau2Fixed/model_payload.rds",""
1953,0.970012804973041,1276.435,1315.895,67.986144,0.010917185584603,0.082355,"20-Tau2Fixed","20-Tau2Fixed","20-Tau2Fixed","All","data/stepwise/models/20-Tau2Fixed/model_payload.rds",""
1954,0.956336172468106,1281.1175,1339.61,96.383956,0.00745067653817437,0.0558675,"20-Tau2Fixed","20-Tau2Fixed","20-Tau2Fixed","All","data/stepwise/models/20-Tau2Fixed/model_payload.rds",""
1955,0.945111851359441,1286.68,1361.405,106.640011,0.0108854768659142,0.0887675,"20-Tau2Fixed","20-Tau2Fixed","20-Tau2Fixed","All","data/stepwise/models/20-Tau2Fixed/model_payload.rds",""
1956,0.930423790423212,1286.2225,1382.405,56.3159571,0.0147935160247201,0.097745,"20-Tau2Fixed","20-Tau2Fixed","20-Tau2Fixed","All","data/stepwise/models/20-Tau2Fixed/model_payload.rds",""
1957,0.916704062963858,1327.8,1448.45,42.8833306,0.0212095946725121,0.13107,"20-Tau2Fixed","20-Tau2Fixed","20-Tau2Fixed","All","data/stepwise/models/20-Tau2Fixed/model_payload.rds",""
1958,0.892292018047791,1302.7575,1460.0125,89.352768,0.0281379420665175,0.1942,"20-Tau2Fixed","20-Tau2Fixed","20-Tau2Fixed","All","data/stepwise/models/20-Tau2Fixed/model_payload.rds",""
1959,0.860681264856817,1196.6525,1390.355,42.571677,0.0205135809709788,0.1791875,"20-Tau2Fixed","20-Tau2Fixed","20-Tau2Fixed","All","data/stepwise/models/20-Tau2Fixed/model_payload.rds",""
1960,0.835431319947619,1082.955,1296.2825,54.0563738,0.0243734786929459,0.17953,"20-Tau2Fixed","20-Tau2Fixed","20-Tau2Fixed","All","data/stepwise/models/20-Tau2Fixed/model_payload.rds",""
1961,0.823293164776478,1044.44,1268.6125,55.2211394,0.0204390170650025,0.17865,"20-Tau2Fixed","20-Tau2Fixed","20-Tau2Fixed","All","data/stepwise/models/20-Tau2Fixed/model_payload.rds",""
1962,0.810364427027787,980.1925,1209.57,58.911204,0.0193360987982185,0.17315,"20-Tau2Fixed","20-Tau2Fixed","20-Tau2Fixed","All","data/stepwise/models/20-Tau2Fixed/model_payload.rds",""
1963,0.798374036336191,925.565,1159.3125,63.063948,0.0232355644990623,0.22225,"20-Tau2Fixed","20-Tau2Fixed","20-Tau2Fixed","All","data/stepwise/models/20-Tau2Fixed/model_payload.rds",""
1964,0.783741002626077,864,1102.405,48.66908,0.0164179250798826,0.16543,"20-Tau2Fixed","20-Tau2Fixed","20-Tau2Fixed","All","data/stepwise/models/20-Tau2Fixed/model_payload.rds",""
1965,0.787564149303121,842.5125,1069.77,41.5942027,0.0188117800118602,0.15405,"20-Tau2Fixed","20-Tau2Fixed","20-Tau2Fixed","All","data/stepwise/models/20-Tau2Fixed/model_payload.rds",""
1966,0.791981059485055,836.2825,1055.9375,78.2657848,0.018141160245836,0.174275,"20-Tau2Fixed","20-Tau2Fixed","20-Tau2Fixed","All","data/stepwise/models/20-Tau2Fixed/model_payload.rds",""
1967,0.786430474735007,802.7725,1020.78,34.67484,0.0228934299568602,0.189775,"20-Tau2Fixed","20-Tau2Fixed","20-Tau2Fixed","All","data/stepwise/models/20-Tau2Fixed/model_payload.rds",""
1968,0.782406143562399,766.67,979.8875,51.323708,0.0186193140892619,0.155625,"20-Tau2Fixed","20-Tau2Fixed","20-Tau2Fixed","All","data/stepwise/models/20-Tau2Fixed/model_payload.rds",""
1969,0.785727232114366,769.4725,979.3125,55.7182786,0.0219367516841976,0.1953,"20-Tau2Fixed","20-Tau2Fixed","20-Tau2Fixed","All","data/stepwise/models/20-Tau2Fixed/model_payload.rds",""
1970,0.780630279555671,743.685,952.6725,52.2873162,0.0333679045934489,0.186575,"20-Tau2Fixed","20-Tau2Fixed","20-Tau2Fixed","All","data/stepwise/models/20-Tau2Fixed/model_payload.rds",""
1971,0.776710968550954,721.5975,929.0425,36.755289,0.0387230251416333,0.189625,"20-Tau2Fixed","20-Tau2Fixed","20-Tau2Fixed","All","data/stepwise/models/20-Tau2Fixed/model_payload.rds",""
1972,0.771777998943057,719.245,931.9325,39.817301,0.0521640268896749,0.2621,"20-Tau2Fixed","20-Tau2Fixed","20-Tau2Fixed","All","data/stepwise/models/20-Tau2Fixed/model_payload.rds",""
1973,0.751111271527849,676.325,900.4325,61.628231,0.0327803473352068,0.222725,"20-Tau2Fixed","20-Tau2Fixed","20-Tau2Fixed","All","data/stepwise/models/20-Tau2Fixed/model_payload.rds",""
1974,0.737863132394074,640.3785,867.8825,28.2259812,0.0513749566273139,0.249825,"20-Tau2Fixed","20-Tau2Fixed","20-Tau2Fixed","All","data/stepwise/models/20-Tau2Fixed/model_payload.rds",""
1975,0.723398486906825,617.6955,853.88,88.005611,0.0457571325052659,0.3198,"20-Tau2Fixed","20-Tau2Fixed","20-Tau2Fixed","All","data/stepwise/models/20-Tau2Fixed/model_payload.rds",""
1976,0.696938579941904,581.82175,834.825,31.813618,0.056459219223931,0.338525,"20-Tau2Fixed","20-Tau2Fixed","20-Tau2Fixed","All","data/stepwise/models/20-Tau2Fixed/model_payload.rds",""
1977,0.67595173421864,571.115,844.905,70.0030969,0.0692845009947554,0.37605,"20-Tau2Fixed","20-Tau2Fixed","20-Tau2Fixed","All","data/stepwise/models/20-Tau2Fixed/model_payload.rds",""
1978,0.666450370732178,586.71125,880.3525,9.3872765,0.0560549920067125,0.3155,"20-Tau2Fixed","20-Tau2Fixed","20-Tau2Fixed","All","data/stepwise/models/20-Tau2Fixed/model_payload.rds",""
1979,0.648304172236526,573.48825,884.5975,37.6993869,0.0715836953885357,0.408825,"20-Tau2Fixed","20-Tau2Fixed","20-Tau2Fixed","All","data/stepwise/models/20-Tau2Fixed/model_payload.rds",""
1980,0.621514341383842,548.648,882.76,54.721085,0.0607568499527734,0.41665,"20-Tau2Fixed","20-Tau2Fixed","20-Tau2Fixed","All","data/stepwise/models/20-Tau2Fixed/model_payload.rds",""
1981,0.597650684645695,501.2825,838.755,68.317511,0.0895886910058421,0.396325,"20-Tau2Fixed","20-Tau2Fixed","20-Tau2Fixed","All","data/stepwise/models/20-Tau2Fixed/model_payload.rds",""
1982,0.584400369541664,476.00725,814.5225,71.883995,0.109233450601671,0.458375,"20-Tau2Fixed","20-Tau2Fixed","20-Tau2Fixed","All","data/stepwise/models/20-Tau2Fixed/model_payload.rds",""
1983,0.574961961777989,477.079,829.7575,60.783517,0.131617217355728,0.449925,"20-Tau2Fixed","20-Tau2Fixed","20-Tau2Fixed","All","data/stepwise/models/20-Tau2Fixed/model_payload.rds",""
1984,0.568758338484431,508.369,893.8225,59.3444824,0.149724590683094,0.4863,"20-Tau2Fixed","20-Tau2Fixed","20-Tau2Fixed","All","data/stepwise/models/20-Tau2Fixed/model_payload.rds",""
1985,0.547099438533895,525.939,961.3225,70.3612409,0.138853946129461,0.507375,"20-Tau2Fixed","20-Tau2Fixed","20-Tau2Fixed","All","data/stepwise/models/20-Tau2Fixed/model_payload.rds",""
1986,0.521041992399978,514.87025,988.155,53.618648,0.155827014872218,0.46525,"20-Tau2Fixed","20-Tau2Fixed","20-Tau2Fixed","All","data/stepwise/models/20-Tau2Fixed/model_payload.rds",""
1987,0.504087059070566,516.136,1023.9025,91.0024118,0.168320030661159,0.593125,"20-Tau2Fixed","20-Tau2Fixed","20-Tau2Fixed","All","data/stepwise/models/20-Tau2Fixed/model_payload.rds",""
1988,0.483973813937713,520.826,1076.145,84.701822,0.14712802818348,0.513875,"20-Tau2Fixed","20-Tau2Fixed","20-Tau2Fixed","All","data/stepwise/models/20-Tau2Fixed/model_payload.rds",""
1989,0.469430594516333,518.76775,1105.1,75.998407,0.133263338540392,0.5025,"20-Tau2Fixed","20-Tau2Fixed","20-Tau2Fixed","All","data/stepwise/models/20-Tau2Fixed/model_payload.rds",""
1990,0.462651962797948,549.058,1186.7625,71.902315,0.180219288684711,0.613975,"20-Tau2Fixed","20-Tau2Fixed","20-Tau2Fixed","All","data/stepwise/models/20-Tau2Fixed/model_payload.rds",""
1991,0.452201337000397,566.0125,1251.6825,70.7962307,0.208326954042422,0.566975,"20-Tau2Fixed","20-Tau2Fixed","20-Tau2Fixed","All","data/stepwise/models/20-Tau2Fixed/model_payload.rds",""
1992,0.435202053096657,559.61,1285.8625,89.863222,0.236253103718368,0.713825,"20-Tau2Fixed","20-Tau2Fixed","20-Tau2Fixed","All","data/stepwise/models/20-Tau2Fixed/model_payload.rds",""
1993,0.407904588166188,526.0205,1289.5675,50.386348,0.194654417702132,0.63735,"20-Tau2Fixed","20-Tau2Fixed","20-Tau2Fixed","All","data/stepwise/models/20-Tau2Fixed/model_payload.rds",""
1994,0.385634293251933,507.22575,1315.3025,101.232844,0.191805285161048,0.738625,"20-Tau2Fixed","20-Tau2Fixed","20-Tau2Fixed","All","data/stepwise/models/20-Tau2Fixed/model_payload.rds",""
1995,0.360611747853689,480.837,1333.3925,38.443972,0.187868286973624,0.6606,"20-Tau2Fixed","20-Tau2Fixed","20-Tau2Fixed","All","data/stepwise/models/20-Tau2Fixed/model_payload.rds",""
1996,0.352148379873053,465.47325,1321.81,113.330542,0.204881396076378,0.615125,"20-Tau2Fixed","20-Tau2Fixed","20-Tau2Fixed","All","data/stepwise/models/20-Tau2Fixed/model_payload.rds",""
1997,0.365776934640197,494.56425,1352.0925,44.348774,0.289543789878891,0.7735,"20-Tau2Fixed","20-Tau2Fixed","20-Tau2Fixed","All","data/stepwise/models/20-Tau2Fixed/model_payload.rds",""
1998,0.349804243870594,486.27075,1390.1225,110.683943,0.269882278320622,0.921025,"20-Tau2Fixed","20-Tau2Fixed","20-Tau2Fixed","All","data/stepwise/models/20-Tau2Fixed/model_payload.rds",""
1999,0.325415841095465,461.508,1418.21,74.472144,0.427011965640692,1.01065,"20-Tau2Fixed","20-Tau2Fixed","20-Tau2Fixed","All","data/stepwise/models/20-Tau2Fixed/model_payload.rds",""
2000,0.295442848437364,424.219,1435.875,118.275247,0.330572840587067,0.994125,"20-Tau2Fixed","20-Tau2Fixed","20-Tau2Fixed","All","data/stepwise/models/20-Tau2Fixed/model_payload.rds",""
2001,0.273002570871508,395.56025,1448.925,54.512737,0.289410148767587,0.85245,"20-Tau2Fixed","20-Tau2Fixed","20-Tau2Fixed","All","data/stepwise/models/20-Tau2Fixed/model_payload.rds",""
2002,0.258986528580711,386.6125,1492.79,96.809386,0.256489465326957,1.060575,"20-Tau2Fixed","20-Tau2Fixed","20-Tau2Fixed","All","data/stepwise/models/20-Tau2Fixed/model_payload.rds",""
2003,0.243693599833304,380.095,1559.725,66.301291,0.315620681776489,0.962325,"20-Tau2Fixed","20-Tau2Fixed","20-Tau2Fixed","All","data/stepwise/models/20-Tau2Fixed/model_payload.rds",""
2004,0.234386117789403,373.8775,1595.135,111.633135,0.335605533797075,1.34625,"20-Tau2Fixed","20-Tau2Fixed","20-Tau2Fixed","All","data/stepwise/models/20-Tau2Fixed/model_payload.rds",""
2005,0.212931550962331,341.193,1602.36,68.63756,0.341980572461706,1.087,"20-Tau2Fixed","20-Tau2Fixed","20-Tau2Fixed","All","data/stepwise/models/20-Tau2Fixed/model_payload.rds",""
2006,0.206391490977454,334.29075,1619.6925,79.289663,0.340301771047005,1.15925,"20-Tau2Fixed","20-Tau2Fixed","20-Tau2Fixed","All","data/stepwise/models/20-Tau2Fixed/model_payload.rds",""
2007,0.200453258046574,332.46125,1658.5475,86.259032,0.382845354957653,1.18525,"20-Tau2Fixed","20-Tau2Fixed","20-Tau2Fixed","All","data/stepwise/models/20-Tau2Fixed/model_payload.rds",""
2008,0.191622619033366,320.11325,1670.54,82.952585,0.505378479560545,1.27525,"20-Tau2Fixed","20-Tau2Fixed","20-Tau2Fixed","All","data/stepwise/models/20-Tau2Fixed/model_payload.rds",""
2009,0.179893640171917,297.59625,1654.29,90.910465,0.370295846119936,1.3025,"20-Tau2Fixed","20-Tau2Fixed","20-Tau2Fixed","All","data/stepwise/models/20-Tau2Fixed/model_payload.rds",""
2010,0.166639183601973,275.882,1655.565,66.667163,0.28739179094162,1.0759,"20-Tau2Fixed","20-Tau2Fixed","20-Tau2Fixed","All","data/stepwise/models/20-Tau2Fixed/model_payload.rds",""
2011,0.164946030123275,277.5085,1682.42,72.538129,0.418539576272303,1.333525,"20-Tau2Fixed","20-Tau2Fixed","20-Tau2Fixed","All","data/stepwise/models/20-Tau2Fixed/model_payload.rds",""
2012,0.159200103653186,270.317,1697.97,107.653188,0.362745483107978,1.371,"20-Tau2Fixed","20-Tau2Fixed","20-Tau2Fixed","All","data/stepwise/models/20-Tau2Fixed/model_payload.rds",""
2013,0.151249727703789,253.42875,1675.565,102.076955,0.342120245644517,1.246625,"20-Tau2Fixed","20-Tau2Fixed","20-Tau2Fixed","All","data/stepwise/models/20-Tau2Fixed/model_payload.rds",""
2014,0.153193182689077,259.857,1696.27,61.078236,0.420327350197991,1.3415,"20-Tau2Fixed","20-Tau2Fixed","20-Tau2Fixed","All","data/stepwise/models/20-Tau2Fixed/model_payload.rds",""
2015,0.157399957654033,278.775,1771.125,81.813746,0.340049475786999,1.219325,"20-Tau2Fixed","20-Tau2Fixed","20-Tau2Fixed","All","data/stepwise/models/20-Tau2Fixed/model_payload.rds",""
2016,0.157466004778265,285.8815,1815.5125,82.60508,0.471537196005268,1.27615,"20-Tau2Fixed","20-Tau2Fixed","20-Tau2Fixed","All","data/stepwise/models/20-Tau2Fixed/model_payload.rds",""
2017,0.154781294239696,278.25575,1797.735,86.28645,0.322162792480857,1.079325,"20-Tau2Fixed","20-Tau2Fixed","20-Tau2Fixed","All","data/stepwise/models/20-Tau2Fixed/model_payload.rds",""
2018,0.154617815163814,275.2545,1780.225,66.532248,0.372953037656946,1.24885,"20-Tau2Fixed","20-Tau2Fixed","20-Tau2Fixed","All","data/stepwise/models/20-Tau2Fixed/model_payload.rds",""
2019,0.153791469861737,273.016,1775.235,72.020568,0.263647732237058,1.1072,"20-Tau2Fixed","20-Tau2Fixed","20-Tau2Fixed","All","data/stepwise/models/20-Tau2Fixed/model_payload.rds",""
2020,0.156751488747754,277.0465,1767.425,82.354031,0.422188839160039,1.168875,"20-Tau2Fixed","20-Tau2Fixed","20-Tau2Fixed","All","data/stepwise/models/20-Tau2Fixed/model_payload.rds",""
2021,0.162451609938773,282.838,1741.06,72.143687,0.426051058605074,1.1537,"20-Tau2Fixed","20-Tau2Fixed","20-Tau2Fixed","All","data/stepwise/models/20-Tau2Fixed/model_payload.rds",""
2022,0.165253741933795,284.1315,1719.365,59.828234,0.572092739301324,1.25135,"20-Tau2Fixed","20-Tau2Fixed","20-Tau2Fixed","All","data/stepwise/models/20-Tau2Fixed/model_payload.rds",""
2023,0.160534373383592,270.014,1681.97,81.025871,0.545051272740396,1.3715,"20-Tau2Fixed","20-Tau2Fixed","20-Tau2Fixed","All","data/stepwise/models/20-Tau2Fixed/model_payload.rds",""
2024,0.141680512374649,233.436,1647.6225,69.244205,0.433657617320486,1.57575,"20-Tau2Fixed","20-Tau2Fixed","20-Tau2Fixed","All","data/stepwise/models/20-Tau2Fixed/model_payload.rds",""
1952,0.992721573009296,1279.36,1288.74,82.44202,0.0113958135910688,0.088385,"21-F33WeakPenalty","21-F33WeakPenalty","21-F33WeakPenalty","All","data/stepwise/models/21-F33WeakPenalty/model_payload.rds",""
1953,0.970132665870204,1280.985,1320.4225,68.386738,0.0108719003053893,0.08204,"21-F33WeakPenalty","21-F33WeakPenalty","21-F33WeakPenalty","All","data/stepwise/models/21-F33WeakPenalty/model_payload.rds",""
1954,0.956509124993723,1285.785,1344.2475,96.605641,0.00742643571102514,0.05563,"21-F33WeakPenalty","21-F33WeakPenalty","21-F33WeakPenalty","All","data/stepwise/models/21-F33WeakPenalty/model_payload.rds",""
1955,0.945332613608293,1291.5725,1366.2625,107.0502694,0.0108454335475478,0.08839,"21-F33WeakPenalty","21-F33WeakPenalty","21-F33WeakPenalty","All","data/stepwise/models/21-F33WeakPenalty/model_payload.rds",""
1956,0.930701258076955,1291.2875,1387.435,56.4749696,0.0147430651532716,0.0973325,"21-F33WeakPenalty","21-F33WeakPenalty","21-F33WeakPenalty","All","data/stepwise/models/21-F33WeakPenalty/model_payload.rds",""
1957,0.917030259774879,1333.0525,1453.6625,43.0753256,0.0211271565442009,0.1305375,"21-F33WeakPenalty","21-F33WeakPenalty","21-F33WeakPenalty","All","data/stepwise/models/21-F33WeakPenalty/model_payload.rds",""
1958,0.892700355060681,1308.0225,1465.2425,89.730313,0.0280273285880144,0.19335,"21-F33WeakPenalty","21-F33WeakPenalty","21-F33WeakPenalty","All","data/stepwise/models/21-F33WeakPenalty/model_payload.rds",""
1959,0.861201044199301,1201.6575,1395.3275,42.816326,0.0204180926260894,0.1783675,"21-F33WeakPenalty","21-F33WeakPenalty","21-F33WeakPenalty","All","data/stepwise/models/21-F33WeakPenalty/model_payload.rds",""
1960,0.836068408916218,1087.725,1301,54.3231743,0.0242340554777972,0.1786325,"21-F33WeakPenalty","21-F33WeakPenalty","21-F33WeakPenalty","All","data/stepwise/models/21-F33WeakPenalty/model_payload.rds",""
1961,0.824022033808468,1049.39,1273.4975,55.4009071,0.0203570841924347,0.177725,"21-F33WeakPenalty","21-F33WeakPenalty","21-F33WeakPenalty","All","data/stepwise/models/21-F33WeakPenalty/model_payload.rds",""
1962,0.811184348663815,985.155,1214.465,59.082904,0.0192623174040811,0.172275,"21-F33WeakPenalty","21-F33WeakPenalty","21-F33WeakPenalty","All","data/stepwise/models/21-F33WeakPenalty/model_payload.rds",""
1963,0.799234118043758,930.3225,1164.0175,63.335704,0.0231443247555092,0.22115,"21-F33WeakPenalty","21-F33WeakPenalty","21-F33WeakPenalty","All","data/stepwise/models/21-F33WeakPenalty/model_payload.rds",""
1964,0.784636652563909,868.4025,1106.7575,48.7773509,0.0163616899970986,0.16467,"21-F33WeakPenalty","21-F33WeakPenalty","21-F33WeakPenalty","All","data/stepwise/models/21-F33WeakPenalty/model_payload.rds",""
1965,0.788411708420928,846.63,1073.8425,41.7416615,0.0187454480856297,0.153325,"21-F33WeakPenalty","21-F33WeakPenalty","21-F33WeakPenalty","All","data/stepwise/models/21-F33WeakPenalty/model_payload.rds",""
1966,0.792783697270062,840.21,1059.8225,78.4893565,0.0180783446010627,0.173525,"21-F33WeakPenalty","21-F33WeakPenalty","21-F33WeakPenalty","All","data/stepwise/models/21-F33WeakPenalty/model_payload.rds",""
1967,0.787242921886325,806.43,1024.3725,34.782879,0.0228139270657578,0.188975,"21-F33WeakPenalty","21-F33WeakPenalty","21-F33WeakPenalty","All","data/stepwise/models/21-F33WeakPenalty/model_payload.rds",""
1968,0.783203144865184,770.0375,983.19,51.474981,0.0185624718466151,0.155,"21-F33WeakPenalty","21-F33WeakPenalty","21-F33WeakPenalty","All","data/stepwise/models/21-F33WeakPenalty/model_payload.rds",""
1969,0.786507647718916,772.73,982.4825,55.8555772,0.0218763171142452,0.194525,"21-F33WeakPenalty","21-F33WeakPenalty","21-F33WeakPenalty","All","data/stepwise/models/21-F33WeakPenalty/model_payload.rds",""
1970,0.781387585968749,746.735,955.6525,52.362093,0.0333180053729273,0.185875,"21-F33WeakPenalty","21-F33WeakPenalty","21-F33WeakPenalty","All","data/stepwise/models/21-F33WeakPenalty/model_payload.rds",""
1971,0.777463866687057,724.435,931.7925,36.8604329,0.0386298980006234,0.18895,"21-F33WeakPenalty","21-F33WeakPenalty","21-F33WeakPenalty","All","data/stepwise/models/21-F33WeakPenalty/model_payload.rds",""
1972,0.772505483922744,721.945,934.55,39.965286,0.0519727795688267,0.2612,"21-F33WeakPenalty","21-F33WeakPenalty","21-F33WeakPenalty","All","data/stepwise/models/21-F33WeakPenalty/model_payload.rds",""
1973,0.751866353577085,678.8075,902.83,61.713471,0.0327333261322211,0.22195,"21-F33WeakPenalty","21-F33WeakPenalty","21-F33WeakPenalty","All","data/stepwise/models/21-F33WeakPenalty/model_payload.rds",""
1974,0.73864824098947,642.744,870.1625,28.3529994,0.0512424847130964,0.24895,"21-F33WeakPenalty","21-F33WeakPenalty","21-F33WeakPenalty","All","data/stepwise/models/21-F33WeakPenalty/model_payload.rds",""
1975,0.724216167279949,619.96525,856.05,88.204585,0.0456443698636157,0.3187,"21-F33WeakPenalty","21-F33WeakPenalty","21-F33WeakPenalty","All","data/stepwise/models/21-F33WeakPenalty/model_payload.rds",""
1976,0.697783745675929,583.96475,836.885,31.898115,0.0563148990329277,0.337325,"21-F33WeakPenalty","21-F33WeakPenalty","21-F33WeakPenalty","All","data/stepwise/models/21-F33WeakPenalty/model_payload.rds",""
1977,0.676847812612528,573.30025,847.015,70.148319,0.0691607560801383,0.3747,"21-F33WeakPenalty","21-F33WeakPenalty","21-F33WeakPenalty","All","data/stepwise/models/21-F33WeakPenalty/model_payload.rds",""
1978,0.667365612110774,588.9635,882.52,9.4255217,0.0559393746851595,0.314375,"21-F33WeakPenalty","21-F33WeakPenalty","21-F33WeakPenalty","All","data/stepwise/models/21-F33WeakPenalty/model_payload.rds",""
1979,0.649232135556903,575.68225,886.7125,37.7988631,0.0714552327332387,0.407375,"21-F33WeakPenalty","21-F33WeakPenalty","21-F33WeakPenalty","All","data/stepwise/models/21-F33WeakPenalty/model_payload.rds",""
1980,0.622477643568553,550.776,884.8125,54.896596,0.0605786340801685,0.4151,"21-F33WeakPenalty","21-F33WeakPenalty","21-F33WeakPenalty","All","data/stepwise/models/21-F33WeakPenalty/model_payload.rds",""
1981,0.598662733471511,503.30025,840.7075,68.418862,0.0895078990490838,0.394875,"21-F33WeakPenalty","21-F33WeakPenalty","21-F33WeakPenalty","All","data/stepwise/models/21-F33WeakPenalty/model_payload.rds",""
1982,0.585460474943732,477.97725,816.4125,72.0035611,0.108987648548552,0.456725,"21-F33WeakPenalty","21-F33WeakPenalty","21-F33WeakPenalty","All","data/stepwise/models/21-F33WeakPenalty/model_payload.rds",""
1983,0.575995478445956,478.982,831.5725,60.830792,0.131406762852222,0.4484,"21-F33WeakPenalty","21-F33WeakPenalty","21-F33WeakPenalty","All","data/stepwise/models/21-F33WeakPenalty/model_payload.rds",""
1984,0.569778379434505,510.33625,895.675,59.4620733,0.149408781413465,0.4847,"21-F33WeakPenalty","21-F33WeakPenalty","21-F33WeakPenalty","All","data/stepwise/models/21-F33WeakPenalty/model_payload.rds",""
1985,0.548092661086237,527.916,963.1875,70.3965379,0.138807790814123,0.5059,"21-F33WeakPenalty","21-F33WeakPenalty","21-F33WeakPenalty","All","data/stepwise/models/21-F33WeakPenalty/model_payload.rds",""
1986,0.522016724376119,516.73,989.8725,53.649404,0.155652028138951,0.464075,"21-F33WeakPenalty","21-F33WeakPenalty","21-F33WeakPenalty","All","data/stepwise/models/21-F33WeakPenalty/model_payload.rds",""
1987,0.50495469795385,517.75025,1025.34,91.2016007,0.167973819656017,0.591675,"21-F33WeakPenalty","21-F33WeakPenalty","21-F33WeakPenalty","All","data/stepwise/models/21-F33WeakPenalty/model_payload.rds",""
1988,0.484753553644603,522.28075,1077.415,84.880738,0.146830995200093,0.5126,"21-F33WeakPenalty","21-F33WeakPenalty","21-F33WeakPenalty","All","data/stepwise/models/21-F33WeakPenalty/model_payload.rds",""
1989,0.470201092347915,520.19875,1106.3325,75.980264,0.133117326534886,0.5012,"21-F33WeakPenalty","21-F33WeakPenalty","21-F33WeakPenalty","All","data/stepwise/models/21-F33WeakPenalty/model_payload.rds",""
1990,0.463463650710153,550.65275,1188.125,71.927648,0.180082084087124,0.61245,"21-F33WeakPenalty","21-F33WeakPenalty","21-F33WeakPenalty","All","data/stepwise/models/21-F33WeakPenalty/model_payload.rds",""
1991,0.453010464153541,567.66175,1253.0875,70.9203383,0.208108286578633,0.565675,"21-F33WeakPenalty","21-F33WeakPenalty","21-F33WeakPenalty","All","data/stepwise/models/21-F33WeakPenalty/model_payload.rds",""
1992,0.435944528609719,561.126,1287.15,89.743761,0.23624859834989,0.712425,"21-F33WeakPenalty","21-F33WeakPenalty","21-F33WeakPenalty","All","data/stepwise/models/21-F33WeakPenalty/model_payload.rds",""
1993,0.408582059919072,527.3395,1290.6575,50.530472,0.194506416145456,0.636275,"21-F33WeakPenalty","21-F33WeakPenalty","21-F33WeakPenalty","All","data/stepwise/models/21-F33WeakPenalty/model_payload.rds",""
1994,0.386194399120149,508.283,1316.1325,101.388355,0.19153980861842,0.7374,"21-F33WeakPenalty","21-F33WeakPenalty","21-F33WeakPenalty","All","data/stepwise/models/21-F33WeakPenalty/model_payload.rds",""
1995,0.361109705613931,481.7375,1334.0475,38.352682,0.187643154640873,0.6594,"21-F33WeakPenalty","21-F33WeakPenalty","21-F33WeakPenalty","All","data/stepwise/models/21-F33WeakPenalty/model_payload.rds",""
1996,0.352654949226105,466.39675,1322.53,113.483686,0.204616337453487,0.614075,"21-F33WeakPenalty","21-F33WeakPenalty","21-F33WeakPenalty","All","data/stepwise/models/21-F33WeakPenalty/model_payload.rds",""
1997,0.366276897491569,495.54975,1352.9375,44.320996,0.289303107863934,0.7723,"21-F33WeakPenalty","21-F33WeakPenalty","21-F33WeakPenalty","All","data/stepwise/models/21-F33WeakPenalty/model_payload.rds",""
1998,0.350275011683503,487.18,1390.85,110.746348,0.269458012552603,0.9197,"21-F33WeakPenalty","21-F33WeakPenalty","21-F33WeakPenalty","All","data/stepwise/models/21-F33WeakPenalty/model_payload.rds",""
1999,0.325883445300126,462.4115,1418.9475,74.475201,0.425715080591985,1.009075,"21-F33WeakPenalty","21-F33WeakPenalty","21-F33WeakPenalty","All","data/stepwise/models/21-F33WeakPenalty/model_payload.rds",""
2000,0.295916506425594,425.12475,1436.6375,118.307464,0.330441395524366,0.9923,"21-F33WeakPenalty","21-F33WeakPenalty","21-F33WeakPenalty","All","data/stepwise/models/21-F33WeakPenalty/model_payload.rds",""
2001,0.273494412251656,396.4575,1449.6,54.589391,0.288948010589081,0.85105,"21-F33WeakPenalty","21-F33WeakPenalty","21-F33WeakPenalty","All","data/stepwise/models/21-F33WeakPenalty/model_payload.rds",""
2002,0.259452337784742,387.4525,1493.3475,96.789979,0.256235861990319,1.059,"21-F33WeakPenalty","21-F33WeakPenalty","21-F33WeakPenalty","All","data/stepwise/models/21-F33WeakPenalty/model_payload.rds",""
2003,0.244118259721448,380.87575,1560.21,66.340189,0.315248702698523,0.961025,"21-F33WeakPenalty","21-F33WeakPenalty","21-F33WeakPenalty","All","data/stepwise/models/21-F33WeakPenalty/model_payload.rds",""
2004,0.234775605368799,374.588,1595.515,111.632511,0.335343856857902,1.34475,"21-F33WeakPenalty","21-F33WeakPenalty","21-F33WeakPenalty","All","data/stepwise/models/21-F33WeakPenalty/model_payload.rds",""
2005,0.213278505419352,341.798,1602.59,68.680038,0.341384423464917,1.086,"21-F33WeakPenalty","21-F33WeakPenalty","21-F33WeakPenalty","All","data/stepwise/models/21-F33WeakPenalty/model_payload.rds",""
2006,0.206711114197745,334.84875,1619.8875,79.247274,0.339949371564749,1.15775,"21-F33WeakPenalty","21-F33WeakPenalty","21-F33WeakPenalty","All","data/stepwise/models/21-F33WeakPenalty/model_payload.rds",""
2007,0.200716090096825,332.91975,1658.66,86.224718,0.382721556085271,1.18425,"21-F33WeakPenalty","21-F33WeakPenalty","21-F33WeakPenalty","All","data/stepwise/models/21-F33WeakPenalty/model_payload.rds",""
2008,0.191850661303212,320.499,1670.565,82.97811,0.504984862987299,1.27425,"21-F33WeakPenalty","21-F33WeakPenalty","21-F33WeakPenalty","All","data/stepwise/models/21-F33WeakPenalty/model_payload.rds",""
2009,0.1800769259833,297.881,1654.1875,90.930482,0.36997198077602,1.3025,"21-F33WeakPenalty","21-F33WeakPenalty","21-F33WeakPenalty","All","data/stepwise/models/21-F33WeakPenalty/model_payload.rds",""
2010,0.166755620395625,276.03975,1655.355,66.692884,0.287261345081113,1.07535,"21-F33WeakPenalty","21-F33WeakPenalty","21-F33WeakPenalty","All","data/stepwise/models/21-F33WeakPenalty/model_payload.rds",""
2011,0.165025659164847,277.5975,1682.1475,72.513665,0.418054933508856,1.332925,"21-F33WeakPenalty","21-F33WeakPenalty","21-F33WeakPenalty","All","data/stepwise/models/21-F33WeakPenalty/model_payload.rds",""
2012,0.15927751933875,270.40425,1697.6925,107.711584,0.362419812911472,1.3705,"21-F33WeakPenalty","21-F33WeakPenalty","21-F33WeakPenalty","All","data/stepwise/models/21-F33WeakPenalty/model_payload.rds",""
2013,0.151337840802093,253.5465,1675.3675,102.071905,0.342008348668249,1.24575,"21-F33WeakPenalty","21-F33WeakPenalty","21-F33WeakPenalty","All","data/stepwise/models/21-F33WeakPenalty/model_payload.rds",""
2014,0.153297930198933,260.0205,1696.1775,61.103346,0.420014821541627,1.34125,"21-F33WeakPenalty","21-F33WeakPenalty","21-F33WeakPenalty","All","data/stepwise/models/21-F33WeakPenalty/model_payload.rds",""
2015,0.15749495377232,278.94325,1771.125,81.842282,0.339825690188839,1.21895,"21-F33WeakPenalty","21-F33WeakPenalty","21-F33WeakPenalty","All","data/stepwise/models/21-F33WeakPenalty/model_payload.rds",""
2016,0.157553350572956,286.0515,1815.585,82.63173,0.471065478888509,1.275225,"21-F33WeakPenalty","21-F33WeakPenalty","21-F33WeakPenalty","All","data/stepwise/models/21-F33WeakPenalty/model_payload.rds",""
2017,0.154893527672793,278.48075,1797.885,86.343065,0.321865264767961,1.07835,"21-F33WeakPenalty","21-F33WeakPenalty","21-F33WeakPenalty","All","data/stepwise/models/21-F33WeakPenalty/model_payload.rds",""
2018,0.154754031606956,275.53375,1780.4625,66.529979,0.372730677673523,1.247625,"21-F33WeakPenalty","21-F33WeakPenalty","21-F33WeakPenalty","All","data/stepwise/models/21-F33WeakPenalty/model_payload.rds",""
2019,0.153954777201897,273.35325,1775.5425,72.013615,0.263495860401131,1.105975,"21-F33WeakPenalty","21-F33WeakPenalty","21-F33WeakPenalty","All","data/stepwise/models/21-F33WeakPenalty/model_payload.rds",""
2020,0.156927454413291,277.414,1767.785,82.408815,0.421755410624257,1.167675,"21-F33WeakPenalty","21-F33WeakPenalty","21-F33WeakPenalty","All","data/stepwise/models/21-F33WeakPenalty/model_payload.rds",""
2021,0.16263299418709,283.20625,1741.3825,72.095282,0.425823640609806,1.15275,"21-F33WeakPenalty","21-F33WeakPenalty","21-F33WeakPenalty","All","data/stepwise/models/21-F33WeakPenalty/model_payload.rds",""
2022,0.165426177623803,284.46975,1719.6175,59.85827,0.57146693645995,1.250425,"21-F33WeakPenalty","21-F33WeakPenalty","21-F33WeakPenalty","All","data/stepwise/models/21-F33WeakPenalty/model_payload.rds",""
2023,0.160674003670979,270.27175,1682.1125,81.03078,0.544568525905613,1.3705,"21-F33WeakPenalty","21-F33WeakPenalty","21-F33WeakPenalty","All","data/stepwise/models/21-F33WeakPenalty/model_payload.rds",""
2024,0.141793248272922,233.626,1647.6525,69.34,0.432941969167378,1.5745,"21-F33WeakPenalty","21-F33WeakPenalty","21-F33WeakPenalty","All","data/stepwise/models/21-F33WeakPenalty/model_payload.rds",""
1952,0.992718785649431,1279.2075,1288.59,82.43232,0.0113970964769492,0.080745,"22-Diagnostic","22-Diagnostic","22-Diagnostic","All","data/stepwise/models/22-Diagnostic/model_payload.rds",""
1953,0.970127209310252,1280.825,1320.265,68.380895,0.0108730788462706,0.0749325,"22-Diagnostic","22-Diagnostic","22-Diagnostic","All","data/stepwise/models/22-Diagnostic/model_payload.rds",""
1954,0.95650726335956,1285.6175,1344.075,96.589249,0.00742765942227377,0.0508125,"22-Diagnostic","22-Diagnostic","22-Diagnostic","All","data/stepwise/models/22-Diagnostic/model_payload.rds",""
1955,0.945397444743166,1291.42,1366.0075,107.0488784,0.0108464259251864,0.08073,"22-Diagnostic","22-Diagnostic","22-Diagnostic","All","data/stepwise/models/22-Diagnostic/model_payload.rds",""
1956,0.930928381389111,1291.1325,1386.93,56.46881,0.0147445825589784,0.0889325,"22-Diagnostic","22-Diagnostic","22-Diagnostic","All","data/stepwise/models/22-Diagnostic/model_payload.rds",""
1957,0.917530865047377,1332.8925,1452.695,43.0730089,0.0211289970457735,0.119245,"22-Diagnostic","22-Diagnostic","22-Diagnostic","All","data/stepwise/models/22-Diagnostic/model_payload.rds",""
1958,0.8934497622691,1307.8675,1463.84,89.723684,0.0280299930338656,0.176625,"22-Diagnostic","22-Diagnostic","22-Diagnostic","All","data/stepwise/models/22-Diagnostic/model_payload.rds",""
1959,0.862154700592518,1201.5225,1393.6275,42.821349,0.020419106001968,0.1629375,"22-Diagnostic","22-Diagnostic","22-Diagnostic","All","data/stepwise/models/22-Diagnostic/model_payload.rds",""
1960,0.837247211337865,1087.5925,1299.01,54.317169,0.0242381322333099,0.163175,"22-Diagnostic","22-Diagnostic","22-Diagnostic","All","data/stepwise/models/22-Diagnostic/model_payload.rds",""
1961,0.825592877600478,1049.2625,1270.92,55.3850047,0.0203597663694151,0.162375,"22-Diagnostic","22-Diagnostic","22-Diagnostic","All","data/stepwise/models/22-Diagnostic/model_payload.rds",""
1962,0.813186881226433,985.0275,1211.3175,59.07401,0.0192645872688557,0.15735,"22-Diagnostic","22-Diagnostic","22-Diagnostic","All","data/stepwise/models/22-Diagnostic/model_payload.rds",""
1963,0.801829156601062,930.2,1160.0975,63.332494,0.0231468068164297,0.20205,"22-Diagnostic","22-Diagnostic","22-Diagnostic","All","data/stepwise/models/22-Diagnostic/model_payload.rds",""
1964,0.787853216919479,868.295,1102.1025,48.7718412,0.0163634783014817,0.15042,"22-Diagnostic","22-Diagnostic","22-Diagnostic","All","data/stepwise/models/22-Diagnostic/model_payload.rds",""
1965,0.792429781000033,846.525,1068.265,41.7403268,0.0187471019809872,0.140075,"22-Diagnostic","22-Diagnostic","22-Diagnostic","All","data/stepwise/models/22-Diagnostic/model_payload.rds",""
1966,0.797690797610089,840.11,1053.1775,78.4844424,0.0180802816030405,0.1585,"22-Diagnostic","22-Diagnostic","22-Diagnostic","All","data/stepwise/models/22-Diagnostic/model_payload.rds",""
1967,0.792873385203486,806.3225,1016.9625,34.776594,0.0228161443314717,0.1726,"22-Diagnostic","22-Diagnostic","22-Diagnostic","All","data/stepwise/models/22-Diagnostic/model_payload.rds",""
1968,0.789533861263289,769.9475,975.1925,51.469701,0.0185642114779342,0.1416,"22-Diagnostic","22-Diagnostic","22-Diagnostic","All","data/stepwise/models/22-Diagnostic/model_payload.rds",""
1969,0.7935836237068,772.635,973.6025,55.8557205,0.0218777848796117,0.1777,"22-Diagnostic","22-Diagnostic","22-Diagnostic","All","data/stepwise/models/22-Diagnostic/model_payload.rds",""
1970,0.789019425503866,746.655,946.3075,52.355611,0.0333189222529836,0.1698,"22-Diagnostic","22-Diagnostic","22-Diagnostic","All","data/stepwise/models/22-Diagnostic/model_payload.rds",""
1971,0.785610476939345,724.3525,922.025,36.8597639,0.0386312801543574,0.1726,"22-Diagnostic","22-Diagnostic","22-Diagnostic","All","data/stepwise/models/22-Diagnostic/model_payload.rds",""
1972,0.781162160919167,721.87,924.0975,39.963115,0.0519750027757593,0.2386,"22-Diagnostic","22-Diagnostic","22-Diagnostic","All","data/stepwise/models/22-Diagnostic/model_payload.rds",""
1973,0.760694082145569,678.735,892.2575,61.706589,0.0327344648278894,0.202725,"22-Diagnostic","22-Diagnostic","22-Diagnostic","All","data/stepwise/models/22-Diagnostic/model_payload.rds",""
1974,0.747739813088462,642.6805,859.4975,28.3493459,0.0512456770837125,0.2274,"22-Diagnostic","22-Diagnostic","22-Diagnostic","All","data/stepwise/models/22-Diagnostic/model_payload.rds",""
1975,0.733578194986007,619.89925,845.035,88.200253,0.0456469202381609,0.291125,"22-Diagnostic","22-Diagnostic","22-Diagnostic","All","data/stepwise/models/22-Diagnostic/model_payload.rds",""
1976,0.707299877956822,583.8955,825.5275,31.893098,0.0563194389596374,0.308125,"22-Diagnostic","22-Diagnostic","22-Diagnostic","All","data/stepwise/models/22-Diagnostic/model_payload.rds",""
1977,0.686876460367863,573.23275,834.55,70.1435976,0.0691659896316577,0.342275,"22-Diagnostic","22-Diagnostic","22-Diagnostic","All","data/stepwise/models/22-Diagnostic/model_payload.rds",""
1978,0.678178441872517,588.89625,868.35,9.426178,0.0559461573534831,0.287175,"22-Diagnostic","22-Diagnostic","22-Diagnostic","All","data/stepwise/models/22-Diagnostic/model_payload.rds",""
1979,0.660691370919609,575.62075,871.24,37.7960858,0.0714640038050984,0.37215,"22-Diagnostic","22-Diagnostic","22-Diagnostic","All","data/stepwise/models/22-Diagnostic/model_payload.rds",""
1980,0.634473224135001,550.718,867.9925,54.8923,0.0605851907694716,0.3792,"22-Diagnostic","22-Diagnostic","22-Diagnostic","All","data/stepwise/models/22-Diagnostic/model_payload.rds",""
1981,0.610977156975227,503.2405,823.665,68.414306,0.0895180703784611,0.360725,"22-Diagnostic","22-Diagnostic","22-Diagnostic","All","data/stepwise/models/22-Diagnostic/model_payload.rds",""
1982,0.59841792558553,477.9175,798.635,71.999332,0.108998562058342,0.417225,"22-Diagnostic","22-Diagnostic","22-Diagnostic","All","data/stepwise/models/22-Diagnostic/model_payload.rds",""
1983,0.590015830777002,478.92175,811.71,60.827005,0.131420193785134,0.409625,"22-Diagnostic","22-Diagnostic","22-Diagnostic","All","data/stepwise/models/22-Diagnostic/model_payload.rds",""
1984,0.585393393772353,510.27425,871.6775,59.4597418,0.149423101500825,0.4428,"22-Diagnostic","22-Diagnostic","22-Diagnostic","All","data/stepwise/models/22-Diagnostic/model_payload.rds",""
1985,0.56475083385268,527.85425,934.6675,70.3906389,0.138818091540197,0.462125,"22-Diagnostic","22-Diagnostic","22-Diagnostic","All","data/stepwise/models/22-Diagnostic/model_payload.rds",""
1986,0.539102818268137,516.67075,958.39,53.649452,0.155666531385061,0.42395,"22-Diagnostic","22-Diagnostic","22-Diagnostic","All","data/stepwise/models/22-Diagnostic/model_payload.rds",""
1987,0.522464493958485,517.68525,990.8525,91.1958628,0.16798788622292,0.540525,"22-Diagnostic","22-Diagnostic","22-Diagnostic","All","data/stepwise/models/22-Diagnostic/model_payload.rds",""
1988,0.502368194477179,522.21425,1039.505,84.875882,0.146839551483797,0.468275,"22-Diagnostic","22-Diagnostic","22-Diagnostic","All","data/stepwise/models/22-Diagnostic/model_payload.rds",""
1989,0.488016118931065,520.141,1065.8275,75.974982,0.133131523137586,0.45785,"22-Diagnostic","22-Diagnostic","22-Diagnostic","All","data/stepwise/models/22-Diagnostic/model_payload.rds",""
1990,0.481915058895096,550.58675,1142.4975,71.921575,0.180093957258896,0.559475,"22-Diagnostic","22-Diagnostic","22-Diagnostic","All","data/stepwise/models/22-Diagnostic/model_payload.rds",""
1991,0.471830942009709,567.59375,1202.96,70.8973142,0.20813305970467,0.51675,"22-Diagnostic","22-Diagnostic","22-Diagnostic","All","data/stepwise/models/22-Diagnostic/model_payload.rds",""
1992,0.454686373029701,561.06025,1233.95,89.759642,0.236250014406091,0.650775,"22-Diagnostic","22-Diagnostic","22-Diagnostic","All","data/stepwise/models/22-Diagnostic/model_payload.rds",""
1993,0.426557061408742,527.26825,1236.1025,50.532514,0.194520522608098,0.581225,"22-Diagnostic","22-Diagnostic","22-Diagnostic","All","data/stepwise/models/22-Diagnostic/model_payload.rds",""
1994,0.403507598373932,508.20975,1259.48,101.382458,0.191558197415644,0.6736,"22-Diagnostic","22-Diagnostic","22-Diagnostic","All","data/stepwise/models/22-Diagnostic/model_payload.rds",""
1995,0.377615517890182,481.67125,1275.56,38.352809,0.187654855284961,0.602375,"22-Diagnostic","22-Diagnostic","22-Diagnostic","All","data/stepwise/models/22-Diagnostic/model_payload.rds",""
1996,0.36924345328469,466.33325,1262.9425,113.47534,0.204632987861228,0.56095,"22-Diagnostic","22-Diagnostic","22-Diagnostic","All","data/stepwise/models/22-Diagnostic/model_payload.rds",""
1997,0.384320352767339,495.47925,1289.235,44.318744,0.289326956680959,0.705475,"22-Diagnostic","22-Diagnostic","22-Diagnostic","All","data/stepwise/models/22-Diagnostic/model_payload.rds",""
1998,0.368505791038453,487.11675,1321.87,110.740917,0.269487378368663,0.840075,"22-Diagnostic","22-Diagnostic","22-Diagnostic","All","data/stepwise/models/22-Diagnostic/model_payload.rds",""
1999,0.343750185873606,462.344,1345,74.476699,0.425757016728022,0.9218,"22-Diagnostic","22-Diagnostic","22-Diagnostic","All","data/stepwise/models/22-Diagnostic/model_payload.rds",""
2000,0.312775730728972,425.063,1359.0025,118.303816,0.330468449587084,0.90635,"22-Diagnostic","22-Diagnostic","22-Diagnostic","All","data/stepwise/models/22-Diagnostic/model_payload.rds",""
2001,0.289565063352168,396.39575,1368.935,54.585515,0.288968332676617,0.777425,"22-Diagnostic","22-Diagnostic","22-Diagnostic","All","data/stepwise/models/22-Diagnostic/model_payload.rds",""
2002,0.275380038599197,387.395,1406.765,96.789269,0.256250584194768,0.967525,"22-Diagnostic","22-Diagnostic","22-Diagnostic","All","data/stepwise/models/22-Diagnostic/model_payload.rds",""
2003,0.259960987497568,380.82075,1464.915,66.339064,0.315269950005464,0.87795,"22-Diagnostic","22-Diagnostic","22-Diagnostic","All","data/stepwise/models/22-Diagnostic/model_payload.rds",""
2004,0.250962382487151,374.53375,1492.39,111.62659,0.335363136961467,1.2285,"22-Diagnostic","22-Diagnostic","22-Diagnostic","All","data/stepwise/models/22-Diagnostic/model_payload.rds",""
2005,0.228864776357293,341.74775,1493.23,68.679918,0.341401945211402,0.991725,"22-Diagnostic","22-Diagnostic","22-Diagnostic","All","data/stepwise/models/22-Diagnostic/model_payload.rds",""
2006,0.22273458329106,334.79625,1503.1175,79.245503,0.339959192854111,1.057575,"22-Diagnostic","22-Diagnostic","22-Diagnostic","All","data/stepwise/models/22-Diagnostic/model_payload.rds",""
2007,0.217198268901065,332.86775,1532.5525,86.220803,0.382735676214902,1.082,"22-Diagnostic","22-Diagnostic","22-Diagnostic","All","data/stepwise/models/22-Diagnostic/model_payload.rds",""
2008,0.208522707861897,320.44675,1536.7475,82.976828,0.505009981100325,1.16425,"22-Diagnostic","22-Diagnostic","22-Diagnostic","All","data/stepwise/models/22-Diagnostic/model_payload.rds",""
2009,0.196563529658283,297.8365,1515.2175,90.927777,0.369994470178494,1.18975,"22-Diagnostic","22-Diagnostic","22-Diagnostic","All","data/stepwise/models/22-Diagnostic/model_payload.rds",""
2010,0.182814277552845,275.997,1509.7125,66.692475,0.287280245589021,0.982375,"22-Diagnostic","22-Diagnostic","22-Diagnostic","All","data/stepwise/models/22-Diagnostic/model_payload.rds",""
2011,0.181754736935161,277.55675,1527.095,72.512588,0.418078443664183,1.217675,"22-Diagnostic","22-Diagnostic","22-Diagnostic","All","data/stepwise/models/22-Diagnostic/model_payload.rds",""
2012,0.176271639509127,270.365,1533.7975,107.707758,0.362439682685157,1.25165,"22-Diagnostic","22-Diagnostic","22-Diagnostic","All","data/stepwise/models/22-Diagnostic/model_payload.rds",""
2013,0.16830879899882,253.5105,1506.2225,102.06888,0.342029716807126,1.1378,"22-Diagnostic","22-Diagnostic","22-Diagnostic","All","data/stepwise/models/22-Diagnostic/model_payload.rds",""
2014,0.171424568159078,259.9855,1516.6175,61.102049,0.420036732179472,1.22515,"22-Diagnostic","22-Diagnostic","22-Diagnostic","All","data/stepwise/models/22-Diagnostic/model_payload.rds",""
2015,0.177121215248395,278.90525,1574.6575,81.841036,0.33984614596639,1.113475,"22-Diagnostic","22-Diagnostic","22-Diagnostic","All","data/stepwise/models/22-Diagnostic/model_payload.rds",""
2016,0.17808569525043,286.01275,1606.04,82.628868,0.47109338418209,1.164825,"22-Diagnostic","22-Diagnostic","22-Diagnostic","All","data/stepwise/models/22-Diagnostic/model_payload.rds",""
2017,0.175712976270673,278.44225,1584.6425,86.341329,0.321885660909899,0.985025,"22-Diagnostic","22-Diagnostic","22-Diagnostic","All","data/stepwise/models/22-Diagnostic/model_payload.rds",""
2018,0.175932033998965,275.49725,1565.93,66.52907,0.372755631398652,1.139625,"22-Diagnostic","22-Diagnostic","22-Diagnostic","All","data/stepwise/models/22-Diagnostic/model_payload.rds",""
2019,0.17520573345278,273.31525,1559.9675,72.010138,0.26351964755267,1.01025,"22-Diagnostic","22-Diagnostic","22-Diagnostic","All","data/stepwise/models/22-Diagnostic/model_payload.rds",""
2020,0.178712793939755,277.377,1552.0825,82.411222,0.421776954979859,1.066625,"22-Diagnostic","22-Diagnostic","22-Diagnostic","All","data/stepwise/models/22-Diagnostic/model_payload.rds",""
2021,0.185328213124598,283.169,1527.9325,72.091352,0.425844338318709,1.052675,"22-Diagnostic","22-Diagnostic","22-Diagnostic","All","data/stepwise/models/22-Diagnostic/model_payload.rds",""
2022,0.188611504374898,284.43275,1508.035,59.857825,0.571483575871301,1.142175,"22-Diagnostic","22-Diagnostic","22-Diagnostic","All","data/stepwise/models/22-Diagnostic/model_payload.rds",""
2023,0.183232559519269,270.23825,1474.8375,81.035793,0.544559808328939,1.25175,"22-Diagnostic","22-Diagnostic","22-Diagnostic","All","data/stepwise/models/22-Diagnostic/model_payload.rds",""
2024,0.161670357810229,233.5975,1444.9,69.336489,0.432961850576892,1.4385,"22-Diagnostic","22-Diagnostic","22-Diagnostic","All","data/stepwise/models/22-Diagnostic/model_payload.rds",""
